[{"model": "sessions.session", "pk": "3v5njbsjgf43n28vwilwwjw6w1ecy0oz", "fields": {"session_data": ".eJxVjEEOwiAQRe_C2hAGgRaX7nsGMgODVA0kpV0Z765NutDtf-_9lwi4rSVsnZcwJ3ERIE6_G2F8cN1BumO9NRlbXZeZ5K7Ig3Y5tcTP6-H-HRTs5VsjqxjZGZ2dYg_agwEzZGDjRnQu-cEqk7xjA2oEe86WMhESZh2JbRLvD9h2OC0:1uaLtj:_rb-0AYAoIiZRR7sh9Wo8_l_kyLnT3zJwzsKhH0eLHI", "expire_date": "2025-07-25T22:07:15.675Z"}}, {"model": "sessions.session", "pk": "4e3p2yn6c28pwxcngjb6y0byx824pslq", "fields": {"session_data": ".eJxVjEEOwiAQRe_C2hAGgRaX7nsGMgODVA0kpV0Z765NutDtf-_9lwi4rSVsnZcwJ3ERIE6_G2F8cN1BumO9NRlbXZeZ5K7Ig3Y5tcTP6-H-HRTs5VsjqxjZGZ2dYg_agwEzZGDjRnQu-cEqk7xjA2oEe86WMhESZh2JbRLvD9h2OC0:1uT5WK:AtK_kqlBsorcn3XWySmwsTCaxmadkd8HHW0eFxTd_tE", "expire_date": "2025-07-05T21:13:04.087Z"}}, {"model": "sessions.session", "pk": "5q1tw85s3m08rlw3okcym856jhny20ks", "fields": {"session_data": ".eJxVjEEOwiAQRe_C2hAGgRaX7nsGMgODVA0kpV0Z765NutDtf-_9lwi4rSVsnZcwJ3ERIE6_G2F8cN1BumO9NRlbXZeZ5K7Ig3Y5tcTP6-H-HRTs5VsjqxjZGZ2dYg_agwEzZGDjRnQu-cEqk7xjA2oEe86WMhESZh2JbRLvD9h2OC0:1uXNk5:Nk9NfcUm1w9ZcK8UUnVQvRzfneh-JyJIxiNGwEM_b30", "expire_date": "2025-07-17T17:29:01.139Z"}}, {"model": "sessions.session", "pk": "5skomgf5tbegst2vw4a0p2b7u4st9uum", "fields": {"session_data": ".eJxVjEEOwiAQRe_C2hAGgRaX7nsGMgODVA0kpV0Z765NutDtf-_9lwi4rSVsnZcwJ3ERIE6_G2F8cN1BumO9NRlbXZeZ5K7Ig3Y5tcTP6-H-HRTs5VsjqxjZGZ2dYg_agwEzZGDjRnQu-cEqk7xjA2oEe86WMhESZh2JbRLvD9h2OC0:1uXjjo:P-WHtRwgeau-DOgpueoZyzyTNOfy1smIHYNfGUlpvCo", "expire_date": "2025-07-18T16:58:12.351Z"}}, {"model": "sessions.session", "pk": "7pcmng7qzoc7uov60w5lbp6gx2q2jiy3", "fields": {"session_data": ".eJxVjEEOwiAQRe_C2hAGgRaX7nsGMgODVA0kpV0Z765NutDtf-_9lwi4rSVsnZcwJ3ERIE6_G2F8cN1BumO9NRlbXZeZ5K7Ig3Y5tcTP6-H-HRTs5VsjqxjZGZ2dYg_agwEzZGDjRnQu-cEqk7xjA2oEe86WMhESZh2JbRLvD9h2OC0:1ueQRa:EAS_Iah7SmGLFv605W7nXmzgdMovaJ7u6XzUmntc488", "expire_date": "2025-08-06T03:47:02.478Z"}}, {"model": "sessions.session", "pk": "7wijq0ojfws7qf5ocmjx1r99orky0ste", "fields": {"session_data": ".eJxVjEEOwiAQRe_C2hAGgRaX7nsGMgODVA0kpV0Z765NutDtf-_9lwi4rSVsnZcwJ3ERIE6_G2F8cN1BumO9NRlbXZeZ5K7Ig3Y5tcTP6-H-HRTs5VsjqxjZGZ2dYg_agwEzZGDjRnQu-cEqk7xjA2oEe86WMhESZh2JbRLvD9h2OC0:1uSkmC:up85PVlKS-OGgi6QNW5Btm61MCF_rLJUvddfNvtjupw", "expire_date": "2025-07-04T23:04:04.744Z"}}, {"model": "sessions.session", "pk": "9gkrusj9pl5uuhrr7dq5n42glleac44i", "fields": {"session_data": ".eJxVjEEOwiAQRe_C2hAGgRaX7nsGMgODVA0kpV0Z765NutDtf-_9lwi4rSVsnZcwJ3ERIE6_G2F8cN1BumO9NRlbXZeZ5K7Ig3Y5tcTP6-H-HRTs5VsjqxjZGZ2dYg_agwEzZGDjRnQu-cEqk7xjA2oEe86WMhESZh2JbRLvD9h2OC0:1ucb49:9vxiOA14v_WEKiLlXIBtsj78kdwImqtRWdN1M7CFur8", "expire_date": "2025-08-01T02:43:17.384Z"}}, {"model": "sessions.session", "pk": "btakktdbqbq7fyacpkl9o3f6vmlojv2k", "fields": {"session_data": ".eJxVjEEOwiAQRe_C2hAGgRaX7nsGMgODVA0kpV0Z765NutDtf-_9lwi4rSVsnZcwJ3ERIE6_G2F8cN1BumO9NRlbXZeZ5K7Ig3Y5tcTP6-H-HRTs5VsjqxjZGZ2dYg_agwEzZGDjRnQu-cEqk7xjA2oEe86WMhESZh2JbRLvD9h2OC0:1uSNZt:NAowiJv-aWjp3cXUn_g-HWC6vZePfzkQbzcNXr9mm-A", "expire_date": "2025-07-03T22:17:49.303Z"}}, {"model": "sessions.session", "pk": "d19w5tpmgxrwj338lwucwud2tl0xyv26", "fields": {"session_data": ".eJxVjEEOwiAQRe_C2hAGgRaX7nsGMgODVA0kpV0Z765NutDtf-_9lwi4rSVsnZcwJ3ERIE6_G2F8cN1BumO9NRlbXZeZ5K7Ig3Y5tcTP6-H-HRTs5VsjqxjZGZ2dYg_agwEzZGDjRnQu-cEqk7xjA2oEe86WMhESZh2JbRLvD9h2OC0:1uVo7x:XnIe6caPbvCu5fm97cvKsCDEyEqCPAnlqAnlgw6kgIw", "expire_date": "2025-07-13T09:15:09.003Z"}}, {"model": "sessions.session", "pk": "diagsm3mqbmmcpvsi28ld0nq9v16diqd", "fields": {"session_data": ".eJxVjEEOwiAQRe_C2hAGgRaX7nsGMgODVA0kpV0Z765NutDtf-_9lwi4rSVsnZcwJ3ERIE6_G2F8cN1BumO9NRlbXZeZ5K7Ig3Y5tcTP6-H-HRTs5VsjqxjZGZ2dYg_agwEzZGDjRnQu-cEqk7xjA2oEe86WMhESZh2JbRLvD9h2OC0:1ufK7C:bRgYRXxwF6_z6819iLamxYBeKkPZKK1du3lh0OC5iRQ", "expire_date": "2025-08-08T15:13:42.593Z"}}, {"model": "sessions.session", "pk": "dur5dtfh5mnv3bd5ojiwxhbpr9angedo", "fields": {"session_data": ".eJxVjEEOwiAQRe_C2hAGgRaX7nsGMgODVA0kpV0Z765NutDtf-_9lwi4rSVsnZcwJ3ERIE6_G2F8cN1BumO9NRlbXZeZ5K7Ig3Y5tcTP6-H-HRTs5VsjqxjZGZ2dYg_agwEzZGDjRnQu-cEqk7xjA2oEe86WMhESZh2JbRLvD9h2OC0:1ubRpq:gdRYUyvnQEYz6RKOO95qXkAt2-S5fDFh8WPZL4bh5fc", "expire_date": "2025-07-28T22:39:46.893Z"}}, {"model": "sessions.session", "pk": "eloi27mac6953yeopvq51p8y59ol1zyu", "fields": {"session_data": ".eJxVjEEOwiAQRe_C2hAGgRaX7nsGMgODVA0kpV0Z765NutDtf-_9lwi4rSVsnZcwJ3ERIE6_G2F8cN1BumO9NRlbXZeZ5K7Ig3Y5tcTP6-H-HRTs5VsjqxjZGZ2dYg_agwEzZGDjRnQu-cEqk7xjA2oEe86WMhESZh2JbRLvD9h2OC0:1ufJTo:Dm9-PT48SrFwNTU1MVMUlHzDsjpCBNq1zajs6YLRjVc", "expire_date": "2025-08-08T14:33:00.715Z"}}, {"model": "sessions.session", "pk": "fl4nnwmx9zjrlnebxw5bf652lzc528eb", "fields": {"session_data": ".eJxVjEEOwiAQRe_C2hAGgRaX7nsGMgODVA0kpV0Z765NutDtf-_9lwi4rSVsnZcwJ3ERIE6_G2F8cN1BumO9NRlbXZeZ5K7Ig3Y5tcTP6-H-HRTs5VsjqxjZGZ2dYg_agwEzZGDjRnQu-cEqk7xjA2oEe86WMhESZh2JbRLvD9h2OC0:1uRcbC:K7nzPEEFwUVQHYiafyx7fnFiBznLxB9l77pV1smE2Cw", "expire_date": "2025-07-01T20:08:02.995Z"}}, {"model": "sessions.session", "pk": "fp96w5qnka3x4xh7j3imiuk85jov8tou", "fields": {"session_data": ".eJxVjEEOwiAQRe_C2hAGgRaX7nsGMgODVA0kpV0Z765NutDtf-_9lwi4rSVsnZcwJ3ERIE6_G2F8cN1BumO9NRlbXZeZ5K7Ig3Y5tcTP6-H-HRTs5VsjqxjZGZ2dYg_agwEzZGDjRnQu-cEqk7xjA2oEe86WMhESZh2JbRLvD9h2OC0:1uXCBq:Y9TlBW8dJ_5KrJmowW8olSacnkfLDN80l0R39KNYhFs", "expire_date": "2025-07-17T05:08:54.400Z"}}, {"model": "sessions.session", "pk": "golpvf5uo13yj7dsrre2vbxka9609zdx", "fields": {"session_data": ".eJxVjEEOwiAQRe_C2hAGgRaX7nsGMgODVA0kpV0Z765NutDtf-_9lwi4rSVsnZcwJ3ERIE6_G2F8cN1BumO9NRlbXZeZ5K7Ig3Y5tcTP6-H-HRTs5VsjqxjZGZ2dYg_agwEzZGDjRnQu-cEqk7xjA2oEe86WMhESZh2JbRLvD9h2OC0:1uWdnI:qs3Gh3QXH7Twr4eiiLu0NFjgWlAleT2hjaUisOeQ3B8", "expire_date": "2025-07-15T16:25:16.334Z"}}, {"model": "sessions.session", "pk": "huj9e38n1lto52ijolneqvpi86xnewle", "fields": {"session_data": ".eJxVjEEOwiAQRe_C2hAGgRaX7nsGMgODVA0kpV0Z765NutDtf-_9lwi4rSVsnZcwJ3ERIE6_G2F8cN1BumO9NRlbXZeZ5K7Ig3Y5tcTP6-H-HRTs5VsjqxjZGZ2dYg_agwEzZGDjRnQu-cEqk7xjA2oEe86WMhESZh2JbRLvD9h2OC0:1uS6oR:t62iYroVyWTJEhbs2okpM_N80Gpi5I3BlIQyJG9TZJk", "expire_date": "2025-07-03T04:23:43.248Z"}}, {"model": "sessions.session", "pk": "iwxu7pnr75g6r10briuj5eo5p6mvtzs9", "fields": {"session_data": ".eJxVjEEOwiAQRe_C2hAGgRaX7nsGMgODVA0kpV0Z765NutDtf-_9lwi4rSVsnZcwJ3ERIE6_G2F8cN1BumO9NRlbXZeZ5K7Ig3Y5tcTP6-H-HRTs5VsjqxjZGZ2dYg_agwEzZGDjRnQu-cEqk7xjA2oEe86WMhESZh2JbRLvD9h2OC0:1uZG62:WGDSTMC9929VMrQ9CQdH0VfgOaCt31KD1ygJCC7F3tA", "expire_date": "2025-07-22T21:43:26.160Z"}}, {"model": "sessions.session", "pk": "k97r9d0mvxix7vlbtb6dbkggd90xi90s", "fields": {"session_data": ".eJxVjEEOwiAQRe_C2hAGgRaX7nsGMgODVA0kpV0Z765NutDtf-_9lwi4rSVsnZcwJ3ERIE6_G2F8cN1BumO9NRlbXZeZ5K7Ig3Y5tcTP6-H-HRTs5VsjqxjZGZ2dYg_agwEzZGDjRnQu-cEqk7xjA2oEe86WMhESZh2JbRLvD9h2OC0:1ua1Fk:Yhqp6Ms8ZC3e_vyauwqrYu1d0I3OpP3yRpOD91ikqFE", "expire_date": "2025-07-25T00:04:36.590Z"}}, {"model": "sessions.session", "pk": "kuroldrfpi5obel27w4quv7zhs01is72", "fields": {"session_data": ".eJxVjEEOwiAQRe_C2hAGgRaX7nsGMgODVA0kpV0Z765NutDtf-_9lwi4rSVsnZcwJ3ERIE6_G2F8cN1BumO9NRlbXZeZ5K7Ig3Y5tcTP6-H-HRTs5VsjqxjZGZ2dYg_agwEzZGDjRnQu-cEqk7xjA2oEe86WMhESZh2JbRLvD9h2OC0:1uRfwe:zSwpbYicNU0c1q3p6j9WNRi-x0ChRFAPOvOLvfYMOqI", "expire_date": "2025-07-01T23:42:24.232Z"}}, {"model": "sessions.session", "pk": "lwpkp1dwbx7yzbqrzx1g8qig69oaf1a4", "fields": {"session_data": ".eJxVjEEOwiAQRe_C2hAGgRaX7nsGMgODVA0kpV0Z765NutDtf-_9lwi4rSVsnZcwJ3ERIE6_G2F8cN1BumO9NRlbXZeZ5K7Ig3Y5tcTP6-H-HRTs5VsjqxjZGZ2dYg_agwEzZGDjRnQu-cEqk7xjA2oEe86WMhESZh2JbRLvD9h2OC0:1ufB1y:XoZA1Q-i07m2IjEmDMZWTL-Ap7Zz-APUZe0HoMoXKrs", "expire_date": "2025-08-08T05:31:42.356Z"}}, {"model": "sessions.session", "pk": "mciibx91vxh3l3fbmo5zhouqity3tzzn", "fields": {"session_data": ".eJxVjEEOwiAQRe_C2hAGgRaX7nsGMgODVA0kpV0Z765NutDtf-_9lwi4rSVsnZcwJ3ERIE6_G2F8cN1BumO9NRlbXZeZ5K7Ig3Y5tcTP6-H-HRTs5VsjqxjZGZ2dYg_agwEzZGDjRnQu-cEqk7xjA2oEe86WMhESZh2JbRLvD9h2OC0:1ua2Ao:8V-D67S_zoOYBnrp-scMPT4zM4QpfU7KvoJKKGRMUqo", "expire_date": "2025-07-25T01:03:34.195Z"}}, {"model": "sessions.session", "pk": "md01x0i4a08zh2gz062u2sifnlepsd7l", "fields": {"session_data": ".eJxVjEEOwiAQRe_C2hAGgRaX7nsGMgODVA0kpV0Z765NutDtf-_9lwi4rSVsnZcwJ3ERIE6_G2F8cN1BumO9NRlbXZeZ5K7Ig3Y5tcTP6-H-HRTs5VsjqxjZGZ2dYg_agwEzZGDjRnQu-cEqk7xjA2oEe86WMhESZh2JbRLvD9h2OC0:1ubrMS:ycWUUPE26aNecvnpD0bjc1nJ0uJFwRXzmlChXeeNug0", "expire_date": "2025-07-30T01:55:08.659Z"}}, {"model": "sessions.session", "pk": "mmxl9o6xy3xepbkvv59cevp4e04vq1vn", "fields": {"session_data": ".eJxVjEEOwiAQRe_C2hAGgRaX7nsGMgODVA0kpV0Z765NutDtf-_9lwi4rSVsnZcwJ3ERIE6_G2F8cN1BumO9NRlbXZeZ5K7Ig3Y5tcTP6-H-HRTs5VsjqxjZGZ2dYg_agwEzZGDjRnQu-cEqk7xjA2oEe86WMhESZh2JbRLvD9h2OC0:1uYtCC:iQWEnTzOyw39lmP1GMPoCM1JZSixNjp46wy7iu53qug", "expire_date": "2025-07-21T21:16:16.695Z"}}, {"model": "sessions.session", "pk": "n91d9cdremw44ocfgdx58xwz2h0lm51k", "fields": {"session_data": ".eJxVjEEOwiAQRe_C2hAGgRaX7nsGMgODVA0kpV0Z765NutDtf-_9lwi4rSVsnZcwJ3ERIE6_G2F8cN1BumO9NRlbXZeZ5K7Ig3Y5tcTP6-H-HRTs5VsjqxjZGZ2dYg_agwEzZGDjRnQu-cEqk7xjA2oEe86WMhESZh2JbRLvD9h2OC0:1uS4zD:HkHByvaNe5GV1mz6KlngLEOpsFq-3NVNJknCpf2-u3Y", "expire_date": "2025-07-03T02:26:43.365Z"}}, {"model": "sessions.session", "pk": "ogjlc79uur0cscsojbkha9hw0m0kdvca", "fields": {"session_data": ".eJxVjEEOwiAQRe_C2hAGgRaX7nsGMgODVA0kpV0Z765NutDtf-_9lwi4rSVsnZcwJ3ERIE6_G2F8cN1BumO9NRlbXZeZ5K7Ig3Y5tcTP6-H-HRTs5VsjqxjZGZ2dYg_agwEzZGDjRnQu-cEqk7xjA2oEe86WMhESZh2JbRLvD9h2OC0:1uYyuD:WG1tVggQ1BB2w682HBvd5f8VrI21mV-AOAgVMZ8kGwY", "expire_date": "2025-07-22T03:22:05.189Z"}}, {"model": "sessions.session", "pk": "p9dyy9ra6enxsppgdz50f47acd2z48mn", "fields": {"session_data": ".eJxVjEEOwiAQRe_C2hAGgRaX7nsGMgODVA0kpV0Z765NutDtf-_9lwi4rSVsnZcwJ3ERIE6_G2F8cN1BumO9NRlbXZeZ5K7Ig3Y5tcTP6-H-HRTs5VsjqxjZGZ2dYg_agwEzZGDjRnQu-cEqk7xjA2oEe86WMhESZh2JbRLvD9h2OC0:1ue0Ry:VdZ4uri1lzmGTYgO0_uzpJOKdMkjoIMlENzgrr0Np_o", "expire_date": "2025-08-05T00:01:42.117Z"}}, {"model": "sessions.session", "pk": "qht03547lm9f91ziil5fs41ysj1zm98f", "fields": {"session_data": ".eJxVjEEOwiAQRe_C2hAGgRaX7nsGMgODVA0kpV0Z765NutDtf-_9lwi4rSVsnZcwJ3ERIE6_G2F8cN1BumO9NRlbXZeZ5K7Ig3Y5tcTP6-H-HRTs5VsjqxjZGZ2dYg_agwEzZGDjRnQu-cEqk7xjA2oEe86WMhESZh2JbRLvD9h2OC0:1uZsCO:hfiCNAWGMxCQ04DeLbTr3kbYDNty0HiD4oSe3DJBICk", "expire_date": "2025-07-24T14:24:32.966Z"}}, {"model": "sessions.session", "pk": "r1x7escoz4tsr69u0936gd6buyhskhmz", "fields": {"session_data": ".eJxVjEEOwiAQRe_C2hAGgRaX7nsGMgODVA0kpV0Z765NutDtf-_9lwi4rSVsnZcwJ3ERIE6_G2F8cN1BumO9NRlbXZeZ5K7Ig3Y5tcTP6-H-HRTs5VsjqxjZGZ2dYg_agwEzZGDjRnQu-cEqk7xjA2oEe86WMhESZh2JbRLvD9h2OC0:1ufK40:W17umX8UVA3A7hwxftrRmi5AQ7RXQKl3qK513GIKCOU", "expire_date": "2025-08-08T15:10:24.729Z"}}, {"model": "sessions.session", "pk": "s4ecg03o217bsdbwo7flnuq8ii521fg4", "fields": {"session_data": ".eJxVjEEOwiAQRe_C2hAGgRaX7nsGMgODVA0kpV0Z765NutDtf-_9lwi4rSVsnZcwJ3ERIE6_G2F8cN1BumO9NRlbXZeZ5K7Ig3Y5tcTP6-H-HRTs5VsjqxjZGZ2dYg_agwEzZGDjRnQu-cEqk7xjA2oEe86WMhESZh2JbRLvD9h2OC0:1uZdv1:-KJBcd9d4tVyVW-CqQKKUMEX8indP1dkIwzmx_n97tY", "expire_date": "2025-07-23T23:09:39.733Z"}}, {"model": "sessions.session", "pk": "s9u0zokhkae2htjl3sq77wrlbjzl3b1h", "fields": {"session_data": ".eJxVjEEOwiAQRe_C2hAGgRaX7nsGMgODVA0kpV0Z765NutDtf-_9lwi4rSVsnZcwJ3ERIE6_G2F8cN1BumO9NRlbXZeZ5K7Ig3Y5tcTP6-H-HRTs5VsjqxjZGZ2dYg_agwEzZGDjRnQu-cEqk7xjA2oEe86WMhESZh2JbRLvD9h2OC0:1uVxAb:f0NKwM5BIPU-q9uZh-D_Sw6I72rHgxO6YX1cbv-RQoY", "expire_date": "2025-07-13T18:54:29.397Z"}}, {"model": "sessions.session", "pk": "t8sjrdl8bz2ecc3sc54msw0i1bjj9hge", "fields": {"session_data": ".eJxVjEEOwiAQRe_C2hAGgRaX7nsGMgODVA0kpV0Z765NutDtf-_9lwi4rSVsnZcwJ3ERIE6_G2F8cN1BumO9NRlbXZeZ5K7Ig3Y5tcTP6-H-HRTs5VsjqxjZGZ2dYg_agwEzZGDjRnQu-cEqk7xjA2oEe86WMhESZh2JbRLvD9h2OC0:1uf6us:21bICKl5-3re3-v2wlmoNtLpH5mmGJGEqy6kHJp8Ci0", "expire_date": "2025-08-08T01:08:06.152Z"}}, {"model": "sessions.session", "pk": "t8tlkdg61v2ruoqhbxzu1su48s469a5t", "fields": {"session_data": ".eJxVjEEOwiAQRe_C2hAGgRaX7nsGMgODVA0kpV0Z765NutDtf-_9lwi4rSVsnZcwJ3ERIE6_G2F8cN1BumO9NRlbXZeZ5K7Ig3Y5tcTP6-H-HRTs5VsjqxjZGZ2dYg_agwEzZGDjRnQu-cEqk7xjA2oEe86WMhESZh2JbRLvD9h2OC0:1uRgcu:gRxqgP4mJw--birmTVeZBHMTS4qy5bpWOgC5kBFR_4k", "expire_date": "2025-07-02T00:26:04.112Z"}}, {"model": "sessions.session", "pk": "tnpkrnwucn50imeljffldoieflaovqvi", "fields": {"session_data": ".eJxVjEEOwiAQRe_C2hAGgRaX7nsGMgODVA0kpV0Z765NutDtf-_9lwi4rSVsnZcwJ3ERIE6_G2F8cN1BumO9NRlbXZeZ5K7Ig3Y5tcTP6-H-HRTs5VsjqxjZGZ2dYg_agwEzZGDjRnQu-cEqk7xjA2oEe86WMhESZh2JbRLvD9h2OC0:1ucyzP:gkh0lN0DiYkZozOPsOJs-Q2pLvFtCmqUEK0ahUqHIhA", "expire_date": "2025-08-02T04:15:59.758Z"}}, {"model": "sessions.session", "pk": "wg81ystcq7s52d4jdgsijzxb6jc4tnnp", "fields": {"session_data": ".eJxVjEEOwiAQRe_C2hAGgRaX7nsGMgODVA0kpV0Z765NutDtf-_9lwi4rSVsnZcwJ3ERIE6_G2F8cN1BumO9NRlbXZeZ5K7Ig3Y5tcTP6-H-HRTs5VsjqxjZGZ2dYg_agwEzZGDjRnQu-cEqk7xjA2oEe86WMhESZh2JbRLvD9h2OC0:1uRfLx:n07PIlwMuNOhJMQojRgy_l2XTA9xEed4EU7IvWhtJxM", "expire_date": "2025-07-01T23:04:29.137Z"}}, {"model": "sessions.session", "pk": "xr5x134yzsz8ong9pg4i5nc2hpq0v0nw", "fields": {"session_data": ".eJxVjEEOwiAQRe_C2hAGgRaX7nsGMgODVA0kpV0Z765NutDtf-_9lwi4rSVsnZcwJ3ERIE6_G2F8cN1BumO9NRlbXZeZ5K7Ig3Y5tcTP6-H-HRTs5VsjqxjZGZ2dYg_agwEzZGDjRnQu-cEqk7xjA2oEe86WMhESZh2JbRLvD9h2OC0:1ufAGg:Rd6ZDmjHRCfaM0ZZgS34zbyuaznKYcr_zd2SqfpfARQ", "expire_date": "2025-08-08T04:42:50.268Z"}}, {"model": "sessions.session", "pk": "xzahau8agdy8yzvy66glaruk7q976kd5", "fields": {"session_data": ".eJxVjEEOwiAQRe_C2hAGgRaX7nsGMgODVA0kpV0Z765NutDtf-_9lwi4rSVsnZcwJ3ERIE6_G2F8cN1BumO9NRlbXZeZ5K7Ig3Y5tcTP6-H-HRTs5VsjqxjZGZ2dYg_agwEzZGDjRnQu-cEqk7xjA2oEe86WMhESZh2JbRLvD9h2OC0:1ucEMC:EhdfY0iIWjYYrnXUGvfzTqtt3bB0VsvLusWZ16HGmLg", "expire_date": "2025-07-31T02:28:24.088Z"}}, {"model": "sessions.session", "pk": "z9zrx40r2rni3zt1amk2uozm98wtel8e", "fields": {"session_data": ".eJxVjEEOwiAQRe_C2hAGgRaX7nsGMgODVA0kpV0Z765NutDtf-_9lwi4rSVsnZcwJ3ERIE6_G2F8cN1BumO9NRlbXZeZ5K7Ig3Y5tcTP6-H-HRTs5VsjqxjZGZ2dYg_agwEzZGDjRnQu-cEqk7xjA2oEe86WMhESZh2JbRLvD9h2OC0:1uSMsd:IdggWR_rW7k7zTn-mAyU9qtJxQqYufKI6ABEiLzGSTM", "expire_date": "2025-07-03T21:33:07.892Z"}}, {"model": "core.rol", "pk": 1, "fields": {"nombre": "Administrador de Farmacias", "descripcion": "Administra toda  la farmacia y sus sucursales"}}, {"model": "core.usuario", "fields": {"password": "pbkdf2_sha256$600000$VGbGfDacmaAygGhkiounD6$dz8WjPsjBh1KxkOafzABC0n+HHSQ893O2hwrHyUnmCc=", "last_login": "2025-07-25T15:13:42.584Z", "is_superuser": true, "username": "jucanuro", "first_name": "Juan Carlos", "last_name": "Núñez Rodrigo", "email": "juankanunezr@gmail.com", "is_staff": true, "is_active": true, "date_joined": "2025-06-17T20:07:47Z", "farmacia": 3, "sucursal": 2, "rol": 1, "groups": [], "user_permissions": [["add_logentry", "admin", "logentry"], ["change_logentry", "admin", "logentry"], ["delete_logentry", "admin", "logentry"], ["view_logentry", "admin", "logentry"], ["add_group", "auth", "group"], ["change_group", "auth", "group"], ["delete_group", "auth", "group"], ["view_group", "auth", "group"], ["add_permission", "auth", "permission"], ["change_permission", "auth", "permission"], ["delete_permission", "auth", "permission"], ["view_permission", "auth", "permission"], ["add_token", "authtoken", "token"], ["change_token", "authtoken", "token"], ["delete_token", "authtoken", "token"], ["view_token", "authtoken", "token"], ["add_tokenproxy", "authtoken", "tokenproxy"], ["change_tokenproxy", "authtoken", "tokenproxy"], ["delete_tokenproxy", "authtoken", "tokenproxy"], ["view_tokenproxy", "authtoken", "tokenproxy"], ["add_cliente", "clientes", "cliente"], ["change_cliente", "clientes", "cliente"], ["delete_cliente", "clientes", "cliente"], ["view_cliente", "clientes", "cliente"], ["add_compra", "compras", "compra"], ["change_compra", "compras", "compra"], ["delete_compra", "compras", "compra"], ["view_compra", "compras", "compra"], ["add_cotizacionproveedor", "compras", "cotizacionproveedor"], ["change_cotizacionproveedor", "compras", "cotizacionproveedor"], ["delete_cotizacionproveedor", "compras", "cotizacionproveedor"], ["view_cotizacionproveedor", "compras", "cotizacionproveedor"], ["add_detallecompra", "compras", "detallecompra"], ["change_detallecompra", "compras", "detallecompra"], ["delete_detallecompra", "compras", "detallecompra"], ["view_detallecompra", "compras", "detallecompra"], ["add_detallecotizacion", "compras", "detallecotizacion"], ["change_detallecotizacion", "compras", "detallecotizacion"], ["delete_detallecotizacion", "compras", "detallecotizacion"], ["view_detallecotizacion", "compras", "detallecotizacion"], ["add_detalleordencompra", "compras", "detalleordencompra"], ["change_detalleordencompra", "compras", "detalleordencompra"], ["delete_detalleordencompra", "compras", "detalleordencompra"], ["view_detalleordencompra", "compras", "detalleordencompra"], ["add_ordencompra", "compras", "ordencompra"], ["change_ordencompra", "compras", "ordencompra"], ["delete_ordencompra", "compras", "ordencompra"], ["view_ordencompra", "compras", "ordencompra"], ["add_contenttype", "contenttypes", "contenttype"], ["change_contenttype", "contenttypes", "contenttype"], ["delete_contenttype", "contenttypes", "contenttype"], ["view_contenttype", "contenttypes", "contenttype"], ["add_configuracionfacturacionelectronica", "core", "configuracionfacturacionelectronica"], ["change_configuracionfacturacionelectronica", "core", "configuracionfacturacionelectronica"], ["delete_configuracionfacturacionelectronica", "core", "configuracionfacturacionelectronica"], ["view_configuracionfacturacionelectronica", "core", "configuracionfacturacionelectronica"], ["add_farmacia", "core", "farmacia"], ["change_farmacia", "core", "farmacia"], ["delete_farmacia", "core", "farmacia"], ["view_farmacia", "core", "farmacia"], ["add_rol", "core", "rol"], ["change_rol", "core", "rol"], ["delete_rol", "core", "rol"], ["view_rol", "core", "rol"], ["add_sucursal", "core", "sucursal"], ["change_sucursal", "core", "sucursal"], ["delete_sucursal", "core", "sucursal"], ["view_sucursal", "core", "sucursal"], ["add_usuario", "core", "usuario"], ["change_usuario", "core", "usuario"], ["delete_usuario", "core", "usuario"], ["view_usuario", "core", "usuario"], ["add_categoriaproducto", "inventario", "categoriaproducto"], ["change_categoriaproducto", "inventario", "categoriaproducto"], ["delete_categoriaproducto", "inventario", "categoriaproducto"], ["view_categoriaproducto", "inventario", "categoriaproducto"], ["add_formafarmaceutica", "inventario", "formafarmaceutica"], ["change_formafarmaceutica", "inventario", "formafarmaceutica"], ["delete_formafarmaceutica", "inventario", "formafarmaceutica"], ["view_formafarmaceutica", "inventario", "formafarmaceutica"], ["add_laboratorio", "inventario", "laboratorio"], ["change_laboratorio", "inventario", "laboratorio"], ["delete_laboratorio", "inventario", "laboratorio"], ["view_laboratorio", "inventario", "laboratorio"], ["add_movimientoinventario", "inventario", "movimientoinventario"], ["change_movimientoinventario", "inventario", "movimientoinventario"], ["delete_movimientoinventario", "inventario", "movimientoinventario"], ["view_movimientoinventario", "inventario", "movimientoinventario"], ["add_principioactivo", "inventario", "principioactivo"], ["change_principioactivo", "inventario", "principioactivo"], ["delete_principioactivo", "inventario", "principioactivo"], ["view_principioactivo", "inventario", "principioactivo"], ["add_producto", "inventario", "producto"], ["change_producto", "inventario", "producto"], ["delete_producto", "inventario", "producto"], ["view_producto", "inventario", "producto"], ["add_stockproducto", "inventario", "stockproducto"], ["change_stockproducto", "inventario", "stockproducto"], ["delete_stockproducto", "inventario", "stockproducto"], ["view_stockproducto", "inventario", "stockproducto"], ["add_proveedor", "proveedores", "proveedor"], ["change_proveedor", "proveedores", "proveedor"], ["delete_proveedor", "proveedores", "proveedor"], ["view_proveedor", "proveedores", "proveedor"], ["add_session", "sessions", "session"], ["change_session", "sessions", "session"], ["delete_session", "sessions", "session"], ["view_session", "sessions", "session"], ["add_transferenciastock", "traslados", "transferenciastock"], ["change_transferenciastock", "traslados", "transferenciastock"], ["delete_transferenciastock", "traslados", "transferenciastock"], ["view_transferenciastock", "traslados", "transferenciastock"], ["add_detalleventa", "ventas", "detalleventa"], ["change_detalleventa", "ventas", "detalleventa"], ["delete_detalleventa", "ventas", "detalleventa"], ["view_detalleventa", "ventas", "detalleventa"], ["add_venta", "ventas", "venta"], ["change_venta", "ventas", "venta"], ["delete_venta", "ventas", "venta"], ["view_venta", "ventas", "venta"]]}}, {"model": "core.usuario", "fields": {"password": "pbkdf2_sha256$600000$DouZgd2eGVj6qySpPCByvI$AJaLsE3tAke41/CtnRvOEwJkrG3hj+jueRTK277aQsI=", "last_login": null, "is_superuser": false, "username": "lbelinda", "first_name": "Luzbelinda", "last_name": "Matínez Gómez", "email": "luzmartinesg@gmail.com", "is_staff": false, "is_active": true, "date_joined": "2025-06-29T07:40:05.595Z", "farmacia": 1, "sucursal": null, "rol": 1, "groups": [], "user_permissions": []}}, {"model": "core.farmacia", "pk": 1, "fields": {"nombre": "Farmacia Lucas", "razon_social": "Farmacia Lucas SRL", "ruc": "2040256397", "direccion": "Jr los fresnos 25", "telefono": "23469875", "email": "", "logo": "", "configuracion_facturacion_electronica": null, "activo": true, "fecha_registro": "2025-06-19T04:24:54.457Z"}}, {"model": "core.farmacia", "pk": 2, "fields": {"nombre": "Farmacia José", "razon_social": "Farmacia José SAC", "ruc": "2065478953", "direccion": "Jr los pinos 123", "telefono": "1234567789", "email": "", "logo": "", "configuracion_facturacion_electronica": null, "activo": true, "fecha_registro": "2025-06-19T22:18:30.728Z"}}, {"model": "core.farmacia", "pk": 3, "fields": {"nombre": "Farmacia Central", "razon_social": "Farmacia Central SAC", "ruc": "1234567891", "direccion": "Av. principal", "telefono": "23654789", "email": "juankanunezr@gmail.com", "logo": "", "configuracion_facturacion_electronica": null, "activo": true, "fecha_registro": "2025-06-20T22:18:10.163Z"}}, {"model": "core.farmacia", "pk": 4, "fields": {"nombre": "Farmacia Anita", "razon_social": "Farmacia Ana  SAC", "ruc": "12345677777", "direccion": "Av. principal de Cajamarca", "telefono": "236548742", "email": "", "logo": "", "configuracion_facturacion_electronica": null, "activo": true, "fecha_registro": "2025-06-25T22:05:28.772Z"}}, {"model": "core.farmacia", "pk": 6, "fields": {"nombre": "Farmacia los andes", "razon_social": "Farmacia los andes srl", "ruc": "34566777743", "direccion": "Av. principal de Cajamarca 2", "telefono": "3466664444", "email": "", "logo": "", "configuracion_facturacion_electronica": null, "activo": true, "fecha_registro": "2025-06-29T05:15:31.196Z"}}, {"model": "core.sucursal", "pk": 1, "fields": {"farmacia": 3, "nombre": "Farmacia Central 2", "codigo": "001", "direccion": "Av. principal 2", "telefono": "23456789", "administrador": ["jucanuro"], "fecha_apertura": "2025-06-29"}}, {"model": "core.sucursal", "pk": 2, "fields": {"farmacia": 4, "nombre": "Farmacia Anita Baños", "codigo": "Anita02", "direccion": "Av atahualpa 345", "telefono": "123456789", "administrador": ["jucanuro"], "fecha_apertura": "2025-06-29"}}, {"model": "inventario.categoriaproducto", "pk": 1, "fields": {"nombre": "Inyentables", "descripcion": "Decripción de inyectables"}}, {"model": "inventario.categoriaproducto", "pk": 2, "fields": {"nombre": "Analgésicos", "descripcion": "Analgésicos descripción"}}, {"model": "inventario.laboratorio", "pk": 1, "fields": {"nombre": "Laboratorio 2", "direccion": "Dr 1", "telefono": "12345678", "email": "email@gmail.com"}}, {"model": "inventario.laboratorio", "pk": 2, "fields": {"nombre": "Bayer2", "direccion": "Av. Lima 234", "telefono": "9685235678", "email": ""}}, {"model": "inventario.principioactivo", "pk": 1, "fields": {"nombre": "Principio Activo 1", "descripcion": "Descripción"}}, {"model": "inventario.formafarmaceutica", "pk": 1, "fields": {"nombre": "Jarabe", "descripcion": "descripción"}}, {"model": "inventario.formafarmaceutica", "pk": 2, "fields": {"nombre": "Tableta", "descripcion": "Una descripción"}}, {"model": "inventario.unidadpresentacion", "pk": 1, "fields": {"nombre": "Cajas", "padre": null, "factor_conversion": 1}}, {"model": "inventario.unidadpresentacion", "pk": 2, "fields": {"nombre": "Blister", "padre": 1, "factor_conversion": 1}}, {"model": "inventario.unidadpresentacion", "pk": 3, "fields": {"nombre": "Unidad", "padre": 2, "factor_conversion": 1}}, {"model": "inventario.producto", "pk": 1, "fields": {"nombre": "Producto1", "descripcion": "Un descripción de prueba 2", "codigo_barras": "12345555555", "principio_activo": 1, "concentracion": "500mg", "forma_farmaceutica": 2, "laboratorio": 1, "categoria": 1, "unidad_compra": 3, "unidad_venta": 3, "margen_ganancia_sugerido": "2.00", "precio_venta_sugerido": "0.00", "unidades_por_caja": 100, "unidades_por_blister": 10, "aplica_receta": false, "es_controlado": false, "imagen_producto": "", "fecha_registro": "2025-06-19T21:35:35.073Z"}}, {"model": "inventario.producto", "pk": 2, "fields": {"nombre": "Producto Prueba 4 Actualizado", "descripcion": "Descripción del producto", "codigo_barras": "123455544333", "principio_activo": 1, "concentracion": "500mg", "forma_farmaceutica": 2, "laboratorio": 1, "categoria": 1, "unidad_compra": 1, "unidad_venta": 3, "margen_ganancia_sugerido": "0.20", "precio_venta_sugerido": "20.00", "unidades_por_caja": 100, "unidades_por_blister": 10, "aplica_receta": false, "es_controlado": false, "imagen_producto": "", "fecha_registro": "2025-06-29T22:21:56.992Z"}}, {"model": "inventario.producto", "pk": 3, "fields": {"nombre": "Producto Prueba 5", "descripcion": "descripcion", "codigo_barras": "1223333", "principio_activo": 1, "concentracion": "500mg", "forma_farmaceutica": 2, "laboratorio": 1, "categoria": 2, "unidad_compra": 2, "unidad_venta": 1, "margen_ganancia_sugerido": "0.20", "precio_venta_sugerido": "20.00", "unidades_por_caja": 100, "unidades_por_blister": 10, "aplica_receta": true, "es_controlado": false, "imagen_producto": "", "fecha_registro": "2025-07-25T04:33:55.088Z"}}, {"model": "inventario.stockproducto", "pk": 1, "fields": {"producto": 2, "sucursal": 2, "lote": "XDF456", "fecha_vencimiento": "2025-07-04", "cantidad": 40, "precio_compra": "0.00", "precio_venta": "0.00", "ubicacion_almacen": "A-3", "ultima_actualizacion": "2025-07-01T18:15:00.951Z"}}, {"model": "inventario.stockproducto", "pk": 2, "fields": {"producto": 2, "sucursal": 2, "lote": "GHHHG", "fecha_vencimiento": "2025-07-08", "cantidad": 20, "precio_compra": "0.00", "precio_venta": "0.00", "ubicacion_almacen": "", "ultima_actualizacion": "2025-07-09T01:05:23.600Z"}}, {"model": "inventario.stockproducto", "pk": 3, "fields": {"producto": 1, "sucursal": 2, "lote": "KSKSKS", "fecha_vencimiento": "2025-07-08", "cantidad": 5, "precio_compra": "0.00", "precio_venta": "0.00", "ubicacion_almacen": "", "ultima_actualizacion": "2025-07-09T01:05:23.604Z"}}, {"model": "inventario.stockproducto", "pk": 4, "fields": {"producto": 2, "sucursal": 2, "lote": "KSKSKSS", "fecha_vencimiento": "2025-07-08", "cantidad": 200, "precio_compra": "0.00", "precio_venta": "0.00", "ubicacion_almacen": "", "ultima_actualizacion": "2025-07-09T01:05:23.606Z"}}, {"model": "inventario.stockproducto", "pk": 5, "fields": {"producto": 2, "sucursal": 2, "lote": "KFKFKF", "fecha_vencimiento": "2025-07-08", "cantidad": 4, "precio_compra": "0.00", "precio_venta": "0.00", "ubicacion_almacen": "", "ultima_actualizacion": "2025-07-09T01:38:56.723Z"}}, {"model": "inventario.stockproducto", "pk": 6, "fields": {"producto": 1, "sucursal": 2, "lote": "LLOREE", "fecha_vencimiento": "2025-07-08", "cantidad": 5, "precio_compra": "0.00", "precio_venta": "0.00", "ubicacion_almacen": "", "ultima_actualizacion": "2025-07-09T01:38:56.732Z"}}, {"model": "inventario.stockproducto", "pk": 7, "fields": {"producto": 2, "sucursal": 2, "lote": "KHFHFJ", "fecha_vencimiento": "2025-07-31", "cantidad": 2, "precio_compra": "0.00", "precio_venta": "0.00", "ubicacion_almacen": "", "ultima_actualizacion": "2025-07-09T23:11:04.708Z"}}, {"model": "inventario.stockproducto", "pk": 8, "fields": {"producto": 2, "sucursal": 2, "lote": "KSKDKD", "fecha_vencimiento": "2025-07-31", "cantidad": 20, "precio_compra": "0.00", "precio_venta": "0.00", "ubicacion_almacen": "", "ultima_actualizacion": "2025-07-10T00:26:04.456Z"}}, {"model": "inventario.stockproducto", "pk": 9, "fields": {"producto": 1, "sucursal": 2, "lote": "KDKDKD", "fecha_vencimiento": "2025-08-08", "cantidad": 50, "precio_compra": "0.00", "precio_venta": "0.00", "ubicacion_almacen": "", "ultima_actualizacion": "2025-07-10T00:26:04.462Z"}}, {"model": "inventario.stockproducto", "pk": 10, "fields": {"producto": 2, "sucursal": 2, "lote": "KGKGKG", "fecha_vencimiento": "2025-07-09", "cantidad": 20, "precio_compra": "0.00", "precio_venta": "0.00", "ubicacion_almacen": "", "ultima_actualizacion": "2025-07-10T01:27:19.336Z"}}, {"model": "inventario.stockproducto", "pk": 11, "fields": {"producto": 2, "sucursal": 2, "lote": "KFKKFFF", "fecha_vencimiento": "2025-07-09", "cantidad": 2, "precio_compra": "0.00", "precio_venta": "0.00", "ubicacion_almacen": "", "ultima_actualizacion": "2025-07-10T01:58:47.141Z"}}, {"model": "inventario.stockproducto", "pk": 12, "fields": {"producto": 2, "sucursal": 2, "lote": "KGKGK", "fecha_vencimiento": "2025-07-09", "cantidad": 2, "precio_compra": "0.00", "precio_venta": "0.00", "ubicacion_almacen": "", "ultima_actualizacion": "2025-07-10T02:39:14.882Z"}}, {"model": "inventario.stockproducto", "pk": 13, "fields": {"producto": 2, "sucursal": 1, "lote": "KJUNMMG", "fecha_vencimiento": "2025-08-07", "cantidad": 20, "precio_compra": "0.00", "precio_venta": "0.00", "ubicacion_almacen": "", "ultima_actualizacion": "2025-07-10T02:55:44.710Z"}}, {"model": "inventario.stockproducto", "pk": 14, "fields": {"producto": 1, "sucursal": 1, "lote": "BGT54F", "fecha_vencimiento": "2025-08-01", "cantidad": 25, "precio_compra": "0.00", "precio_venta": "0.00", "ubicacion_almacen": "", "ultima_actualizacion": "2025-07-10T02:55:44.716Z"}}, {"model": "inventario.stockproducto", "pk": 15, "fields": {"producto": 2, "sucursal": 1, "lote": "P08766", "fecha_vencimiento": "2025-07-24", "cantidad": 9, "precio_compra": "0.00", "precio_venta": "0.00", "ubicacion_almacen": "", "ultima_actualizacion": "2025-07-10T02:55:44.719Z"}}, {"model": "inventario.stockproducto", "pk": 16, "fields": {"producto": 2, "sucursal": 2, "lote": "KKK987", "fecha_vencimiento": "2025-07-09", "cantidad": 20, "precio_compra": "0.00", "precio_venta": "0.00", "ubicacion_almacen": "", "ultima_actualizacion": "2025-07-10T03:14:06.972Z"}}, {"model": "inventario.stockproducto", "pk": 17, "fields": {"producto": 1, "sucursal": 2, "lote": "526699IJ", "fecha_vencimiento": "2025-07-30", "cantidad": 25, "precio_compra": "0.00", "precio_venta": "0.00", "ubicacion_almacen": "", "ultima_actualizacion": "2025-07-10T03:14:06.976Z"}}, {"model": "inventario.stockproducto", "pk": 18, "fields": {"producto": 2, "sucursal": 2, "lote": "4588JJD", "fecha_vencimiento": "2025-08-08", "cantidad": 36, "precio_compra": "0.00", "precio_venta": "0.00", "ubicacion_almacen": "", "ultima_actualizacion": "2025-07-10T03:14:06.979Z"}}, {"model": "inventario.stockproducto", "pk": 19, "fields": {"producto": 1, "sucursal": 2, "lote": "KLO98", "fecha_vencimiento": "2025-08-09", "cantidad": 7, "precio_compra": "0.00", "precio_venta": "0.00", "ubicacion_almacen": "", "ultima_actualizacion": "2025-07-10T03:14:06.984Z"}}, {"model": "inventario.stockproducto", "pk": 20, "fields": {"producto": 2, "sucursal": 2, "lote": "LLO987", "fecha_vencimiento": "2025-08-05", "cantidad": 25, "precio_compra": "0.00", "precio_venta": "0.00", "ubicacion_almacen": "", "ultima_actualizacion": "2025-07-10T03:14:06.987Z"}}, {"model": "inventario.stockproducto", "pk": 21, "fields": {"producto": 1, "sucursal": 2, "lote": "KKJDLLD", "fecha_vencimiento": "2025-07-21", "cantidad": 8, "precio_compra": "0.00", "precio_venta": "0.00", "ubicacion_almacen": "", "ultima_actualizacion": "2025-07-10T03:14:06.990Z"}}, {"model": "inventario.stockproducto", "pk": 22, "fields": {"producto": 1, "sucursal": 2, "lote": "LDLLDO", "fecha_vencimiento": "2025-08-06", "cantidad": 20, "precio_compra": "0.00", "precio_venta": "0.00", "ubicacion_almacen": "", "ultima_actualizacion": "2025-07-10T03:14:06.993Z"}}, {"model": "inventario.stockproducto", "pk": 23, "fields": {"producto": 2, "sucursal": 2, "lote": "KDKDD", "fecha_vencimiento": "2025-07-09", "cantidad": 20, "precio_compra": "0.00", "precio_venta": "0.00", "ubicacion_almacen": "", "ultima_actualizacion": "2025-07-10T03:44:53.482Z"}}, {"model": "inventario.stockproducto", "pk": 24, "fields": {"producto": 1, "sucursal": 2, "lote": "PPMMG5", "fecha_vencimiento": "2025-07-10", "cantidad": 5, "precio_compra": "0.00", "precio_venta": "0.00", "ubicacion_almacen": "", "ultima_actualizacion": "2025-07-10T03:44:53.487Z"}}, {"model": "inventario.stockproducto", "pk": 25, "fields": {"producto": 2, "sucursal": 1, "lote": "KGKGKG", "fecha_vencimiento": "2025-07-09", "cantidad": 8, "precio_compra": "0.00", "precio_venta": "0.00", "ubicacion_almacen": "", "ultima_actualizacion": "2025-07-10T03:48:21.718Z"}}, {"model": "inventario.stockproducto", "pk": 26, "fields": {"producto": 2, "sucursal": 2, "lote": "KMDKMDKM", "fecha_vencimiento": "2025-07-17", "cantidad": 2, "precio_compra": "0.00", "precio_venta": "0.00", "ubicacion_almacen": "", "ultima_actualizacion": "2025-07-17T22:10:32.559Z"}}, {"model": "inventario.stockproducto", "pk": 27, "fields": {"producto": 2, "sucursal": 2, "lote": "KKKDKDK", "fecha_vencimiento": "2025-07-19", "cantidad": 2, "precio_compra": "0.00", "precio_venta": "0.00", "ubicacion_almacen": "", "ultima_actualizacion": "2025-07-19T13:21:01.461Z"}}, {"model": "inventario.stockproducto", "pk": 28, "fields": {"producto": 1, "sucursal": 2, "lote": "KFKFKKFF", "fecha_vencimiento": "2025-07-31", "cantidad": 50, "precio_compra": "0.00", "precio_venta": "0.00", "ubicacion_almacen": "", "ultima_actualizacion": "2025-07-19T15:25:53.424Z"}}, {"model": "inventario.stockproducto", "pk": 29, "fields": {"producto": 2, "sucursal": 2, "lote": "KDKDKD", "fecha_vencimiento": "2025-07-19", "cantidad": 20, "precio_compra": "0.00", "precio_venta": "0.00", "ubicacion_almacen": "", "ultima_actualizacion": "2025-07-19T15:25:53.412Z"}}, {"model": "inventario.stockproducto", "pk": 30, "fields": {"producto": 2, "sucursal": 2, "lote": "kkdkdkd", "fecha_vencimiento": "2025-07-19", "cantidad": 20, "precio_compra": "0.00", "precio_venta": "0.00", "ubicacion_almacen": "", "ultima_actualizacion": "2025-07-20T02:15:04.658Z"}}, {"model": "inventario.stockproducto", "pk": 31, "fields": {"producto": 2, "sucursal": 2, "lote": "eeee", "fecha_vencimiento": "2025-07-19", "cantidad": 20, "precio_compra": "0.00", "precio_venta": "0.00", "ubicacion_almacen": "", "ultima_actualizacion": "2025-07-20T02:15:04.663Z"}}, {"model": "inventario.stockproducto", "pk": 32, "fields": {"producto": 3, "sucursal": 2, "lote": "KKDDNNDD", "fecha_vencimiento": "2025-07-24", "cantidad": 20, "precio_compra": "25.00", "precio_venta": "20.00", "ubicacion_almacen": "", "ultima_actualizacion": "2025-07-25T04:38:40.656Z"}}, {"model": "inventario.stockproducto", "pk": 33, "fields": {"producto": 2, "sucursal": 2, "lote": "KDKDKDKD", "fecha_vencimiento": "2025-07-24", "cantidad": 40, "precio_compra": "5.00", "precio_venta": "20.00", "ubicacion_almacen": "A-3", "ultima_actualizacion": "2025-07-25T04:42:10.648Z"}}, {"model": "inventario.stockproducto", "pk": 34, "fields": {"producto": 3, "sucursal": 2, "lote": "KDKMMD", "fecha_vencimiento": "2025-07-31", "cantidad": 20, "precio_compra": "1.00", "precio_venta": "2.00", "ubicacion_almacen": "A-3", "ultima_actualizacion": "2025-07-25T15:36:13.597Z"}}, {"model": "inventario.movimientoinventario", "pk": 1, "fields": {"producto": 2, "sucursal": 2, "stock_afectado": 1, "tipo_movimiento": "ENTRADA", "cantidad": 20, "fecha_movimiento": "2025-07-01T18:15:00.963Z", "usuario": ["jucanuro"], "referencia_doc": "Compra Lote XDF456", "observaciones": ""}}, {"model": "inventario.movimientoinventario", "pk": 2, "fields": {"producto": 2, "sucursal": 2, "stock_afectado": 2, "tipo_movimiento": "ENTRADA", "cantidad": 20, "fecha_movimiento": "2025-07-09T01:05:23.601Z", "usuario": ["jucanuro"], "referencia_doc": "Compra ID: 6 / Factura: FE001-002", "observaciones": "Entrada por compra de Producto Prueba 4 Actualizado - Lote: GHHHG"}}, {"model": "inventario.movimientoinventario", "pk": 3, "fields": {"producto": 1, "sucursal": 2, "stock_afectado": 3, "tipo_movimiento": "ENTRADA", "cantidad": 5, "fecha_movimiento": "2025-07-09T01:05:23.604Z", "usuario": ["jucanuro"], "referencia_doc": "Compra ID: 6 / Factura: FE001-002", "observaciones": "Entrada por compra de Producto1 - Lote: KSKSKS"}}, {"model": "inventario.movimientoinventario", "pk": 4, "fields": {"producto": 2, "sucursal": 2, "stock_afectado": 4, "tipo_movimiento": "ENTRADA", "cantidad": 200, "fecha_movimiento": "2025-07-09T01:05:23.607Z", "usuario": ["jucanuro"], "referencia_doc": "Compra ID: 6 / Factura: FE001-002", "observaciones": "Entrada por compra de Producto Prueba 4 Actualizado - Lote: KSKSKSS"}}, {"model": "inventario.movimientoinventario", "pk": 5, "fields": {"producto": 2, "sucursal": 2, "stock_afectado": 5, "tipo_movimiento": "ENTRADA", "cantidad": 4, "fecha_movimiento": "2025-07-09T01:38:56.725Z", "usuario": ["jucanuro"], "referencia_doc": "Compra ID: 8 / Factura: FE001-008", "observaciones": "Entrada por compra de Producto Prueba 4 Actualizado - Lote: KFKFKF"}}, {"model": "inventario.movimientoinventario", "pk": 6, "fields": {"producto": 1, "sucursal": 2, "stock_afectado": 6, "tipo_movimiento": "ENTRADA", "cantidad": 5, "fecha_movimiento": "2025-07-09T01:38:56.733Z", "usuario": ["jucanuro"], "referencia_doc": "Compra ID: 8 / Factura: FE001-008", "observaciones": "Entrada por compra de Producto1 - Lote: LLOREE"}}, {"model": "inventario.movimientoinventario", "pk": 7, "fields": {"producto": 2, "sucursal": 2, "stock_afectado": 7, "tipo_movimiento": "ENTRADA", "cantidad": 2, "fecha_movimiento": "2025-07-09T23:11:04.710Z", "usuario": ["jucanuro"], "referencia_doc": "Compra ID: 9 / Factura: FE001-009", "observaciones": "Entrada por compra de Producto Prueba 4 Actualizado - Lote: KHFHFJ"}}, {"model": "inventario.movimientoinventario", "pk": 8, "fields": {"producto": 2, "sucursal": 2, "stock_afectado": 8, "tipo_movimiento": "ENTRADA", "cantidad": 20, "fecha_movimiento": "2025-07-10T00:26:04.458Z", "usuario": ["jucanuro"], "referencia_doc": "Compra ID: 10 / Factura: FE001-0010", "observaciones": "Entrada por compra de Producto Prueba 4 Actualizado - Lote: KSKDKD"}}, {"model": "inventario.movimientoinventario", "pk": 9, "fields": {"producto": 1, "sucursal": 2, "stock_afectado": 9, "tipo_movimiento": "ENTRADA", "cantidad": 50, "fecha_movimiento": "2025-07-10T00:26:04.462Z", "usuario": ["jucanuro"], "referencia_doc": "Compra ID: 10 / Factura: FE001-0010", "observaciones": "Entrada por compra de Producto1 - Lote: KDKDKD"}}, {"model": "inventario.movimientoinventario", "pk": 10, "fields": {"producto": 2, "sucursal": 2, "stock_afectado": 10, "tipo_movimiento": "ENTRADA", "cantidad": 20, "fecha_movimiento": "2025-07-10T01:27:19.338Z", "usuario": ["jucanuro"], "referencia_doc": "Compra ID: 11 / Factura: FE002-0001", "observaciones": "Entrada por compra de Producto Prueba 4 Actualizado - Lote: KGKGKG"}}, {"model": "inventario.movimientoinventario", "pk": 11, "fields": {"producto": 2, "sucursal": 2, "stock_afectado": 11, "tipo_movimiento": "ENTRADA", "cantidad": 2, "fecha_movimiento": "2025-07-10T01:58:47.144Z", "usuario": ["jucanuro"], "referencia_doc": "Compra ID: 12 / Factura: FE002-003", "observaciones": "Entrada por compra de Producto Prueba 4 Actualizado - Lote: KFKKFFF"}}, {"model": "inventario.movimientoinventario", "pk": 12, "fields": {"producto": 2, "sucursal": 2, "stock_afectado": 12, "tipo_movimiento": "ENTRADA", "cantidad": 2, "fecha_movimiento": "2025-07-10T02:39:14.884Z", "usuario": ["jucanuro"], "referencia_doc": "Compra ID: 1 / Factura: FE002-0006", "observaciones": "Entrada por compra de Producto Prueba 4 Actualizado - Lote: KGKGK"}}, {"model": "inventario.movimientoinventario", "pk": 13, "fields": {"producto": 2, "sucursal": 1, "stock_afectado": 13, "tipo_movimiento": "ENTRADA", "cantidad": 20, "fecha_movimiento": "2025-07-10T02:55:44.711Z", "usuario": ["jucanuro"], "referencia_doc": "Compra ID: 14 / Factura: FE002-008", "observaciones": "Entrada por compra de Producto Prueba 4 Actualizado - Lote: KJUNMMG"}}, {"model": "inventario.movimientoinventario", "pk": 14, "fields": {"producto": 1, "sucursal": 1, "stock_afectado": 14, "tipo_movimiento": "ENTRADA", "cantidad": 25, "fecha_movimiento": "2025-07-10T02:55:44.717Z", "usuario": ["jucanuro"], "referencia_doc": "Compra ID: 14 / Factura: FE002-008", "observaciones": "Entrada por compra de Producto1 - Lote: BGT54F"}}, {"model": "inventario.movimientoinventario", "pk": 15, "fields": {"producto": 2, "sucursal": 1, "stock_afectado": 15, "tipo_movimiento": "ENTRADA", "cantidad": 9, "fecha_movimiento": "2025-07-10T02:55:44.720Z", "usuario": ["jucanuro"], "referencia_doc": "Compra ID: 14 / Factura: FE002-008", "observaciones": "Entrada por compra de Producto Prueba 4 Actualizado - Lote: P08766"}}, {"model": "inventario.movimientoinventario", "pk": 16, "fields": {"producto": 2, "sucursal": 2, "stock_afectado": 16, "tipo_movimiento": "ENTRADA", "cantidad": 20, "fecha_movimiento": "2025-07-10T03:14:06.973Z", "usuario": ["jucanuro"], "referencia_doc": "Compra ID: 2 / Factura: FE001-005", "observaciones": "Entrada por compra de Producto Prueba 4 Actualizado - Lote: KKK987"}}, {"model": "inventario.movimientoinventario", "pk": 17, "fields": {"producto": 1, "sucursal": 2, "stock_afectado": 17, "tipo_movimiento": "ENTRADA", "cantidad": 25, "fecha_movimiento": "2025-07-10T03:14:06.977Z", "usuario": ["jucanuro"], "referencia_doc": "Compra ID: 2 / Factura: FE001-005", "observaciones": "Entrada por compra de Producto1 - Lote: 526699IJ"}}, {"model": "inventario.movimientoinventario", "pk": 18, "fields": {"producto": 2, "sucursal": 2, "stock_afectado": 18, "tipo_movimiento": "ENTRADA", "cantidad": 36, "fecha_movimiento": "2025-07-10T03:14:06.980Z", "usuario": ["jucanuro"], "referencia_doc": "Compra ID: 2 / Factura: FE001-005", "observaciones": "Entrada por compra de Producto Prueba 4 Actualizado - Lote: 4588JJD"}}, {"model": "inventario.movimientoinventario", "pk": 19, "fields": {"producto": 1, "sucursal": 2, "stock_afectado": 19, "tipo_movimiento": "ENTRADA", "cantidad": 7, "fecha_movimiento": "2025-07-10T03:14:06.985Z", "usuario": ["jucanuro"], "referencia_doc": "Compra ID: 2 / Factura: FE001-005", "observaciones": "Entrada por compra de Producto1 - Lote: KLO98"}}, {"model": "inventario.movimientoinventario", "pk": 20, "fields": {"producto": 2, "sucursal": 2, "stock_afectado": 20, "tipo_movimiento": "ENTRADA", "cantidad": 25, "fecha_movimiento": "2025-07-10T03:14:06.988Z", "usuario": ["jucanuro"], "referencia_doc": "Compra ID: 2 / Factura: FE001-005", "observaciones": "Entrada por compra de Producto Prueba 4 Actualizado - Lote: LLO987"}}, {"model": "inventario.movimientoinventario", "pk": 21, "fields": {"producto": 1, "sucursal": 2, "stock_afectado": 21, "tipo_movimiento": "ENTRADA", "cantidad": 8, "fecha_movimiento": "2025-07-10T03:14:06.991Z", "usuario": ["jucanuro"], "referencia_doc": "Compra ID: 2 / Factura: FE001-005", "observaciones": "Entrada por compra de Producto1 - Lote: KKJDLLD"}}, {"model": "inventario.movimientoinventario", "pk": 22, "fields": {"producto": 1, "sucursal": 2, "stock_afectado": 22, "tipo_movimiento": "ENTRADA", "cantidad": 20, "fecha_movimiento": "2025-07-10T03:14:06.994Z", "usuario": ["jucanuro"], "referencia_doc": "Compra ID: 2 / Factura: FE001-005", "observaciones": "Entrada por compra de Producto1 - Lote: LDLLDO"}}, {"model": "inventario.movimientoinventario", "pk": 23, "fields": {"producto": 2, "sucursal": 2, "stock_afectado": 23, "tipo_movimiento": "ENTRADA", "cantidad": 20, "fecha_movimiento": "2025-07-10T03:44:53.483Z", "usuario": ["jucanuro"], "referencia_doc": "Compra ID: 3 / Factura: None", "observaciones": "Entrada por compra de Producto Prueba 4 Actualizado - Lote: KDKDD"}}, {"model": "inventario.movimientoinventario", "pk": 24, "fields": {"producto": 1, "sucursal": 2, "stock_afectado": 24, "tipo_movimiento": "ENTRADA", "cantidad": 5, "fecha_movimiento": "2025-07-10T03:44:53.488Z", "usuario": ["jucanuro"], "referencia_doc": "Compra ID: 3 / Factura: None", "observaciones": "Entrada por compra de Producto1 - Lote: PPMMG5"}}, {"model": "inventario.movimientoinventario", "pk": 25, "fields": {"producto": 2, "sucursal": 1, "stock_afectado": 25, "tipo_movimiento": "ENTRADA", "cantidad": 8, "fecha_movimiento": "2025-07-10T03:48:21.719Z", "usuario": ["jucanuro"], "referencia_doc": "Compra ID: 15 / Factura: FE002-0010", "observaciones": "Entrada por compra de Producto Prueba 4 Actualizado - Lote: KGKGKG"}}, {"model": "inventario.movimientoinventario", "pk": 26, "fields": {"producto": 2, "sucursal": 2, "stock_afectado": 26, "tipo_movimiento": "ENTRADA", "cantidad": 2, "fecha_movimiento": "2025-07-17T22:10:32.560Z", "usuario": ["jucanuro"], "referencia_doc": "Compra ID: 16 / Factura: FE002-0014", "observaciones": "Entrada por compra de Producto Prueba 4 Actualizado - Lote: KMDKMDKM"}}, {"model": "inventario.movimientoinventario", "pk": 27, "fields": {"producto": 2, "sucursal": 2, "stock_afectado": 27, "tipo_movimiento": "ENTRADA", "cantidad": 2, "fecha_movimiento": "2025-07-19T13:21:01.462Z", "usuario": ["jucanuro"], "referencia_doc": "Compra ID: 17 / Factura: FE03-0001", "observaciones": "Entrada por compra de Producto Prueba 4 Actualizado - Lote: KKKDKDK"}}, {"model": "inventario.movimientoinventario", "pk": 28, "fields": {"producto": 1, "sucursal": 2, "stock_afectado": 28, "tipo_movimiento": "ENTRADA", "cantidad": 20, "fecha_movimiento": "2025-07-19T13:21:01.471Z", "usuario": ["jucanuro"], "referencia_doc": "Compra ID: 17 / Factura: FE03-0001", "observaciones": "Entrada por compra de Producto1 - Lote: KFKFKKFF"}}, {"model": "inventario.movimientoinventario", "pk": 29, "fields": {"producto": 2, "sucursal": 2, "stock_afectado": 29, "tipo_movimiento": "ENTRADA", "cantidad": 20, "fecha_movimiento": "2025-07-19T15:25:53.413Z", "usuario": ["jucanuro"], "referencia_doc": "Compra ID: 18 / Factura: FE003-0002", "observaciones": "Entrada por compra de Producto Prueba 4 Actualizado - Lote: KDKDKD"}}, {"model": "inventario.movimientoinventario", "pk": 30, "fields": {"producto": 1, "sucursal": 2, "stock_afectado": 28, "tipo_movimiento": "ENTRADA", "cantidad": 30, "fecha_movimiento": "2025-07-19T15:25:53.425Z", "usuario": ["jucanuro"], "referencia_doc": "Compra ID: 18 / Factura: FE003-0002", "observaciones": "Entrada por compra de Producto1 - Lote: KFKFKKFF"}}, {"model": "inventario.movimientoinventario", "pk": 31, "fields": {"producto": 2, "sucursal": 2, "stock_afectado": 30, "tipo_movimiento": "ENTRADA", "cantidad": 20, "fecha_movimiento": "2025-07-20T02:15:04.659Z", "usuario": ["jucanuro"], "referencia_doc": "Compra ID: 19 / Factura: FE003-004", "observaciones": "Entrada por compra de Producto Prueba 4 Actualizado - Lote: kkdkdkd"}}, {"model": "inventario.movimientoinventario", "pk": 32, "fields": {"producto": 2, "sucursal": 2, "stock_afectado": 31, "tipo_movimiento": "ENTRADA", "cantidad": 20, "fecha_movimiento": "2025-07-20T02:15:04.664Z", "usuario": ["jucanuro"], "referencia_doc": "Compra ID: 19 / Factura: FE003-004", "observaciones": "Entrada por compra de Producto Prueba 4 Actualizado - Lote: eeee"}}, {"model": "inventario.movimientoinventario", "pk": 33, "fields": {"producto": 3, "sucursal": 2, "stock_afectado": 34, "tipo_movimiento": "ENTRADA", "cantidad": 20, "fecha_movimiento": "2025-07-25T15:36:13.633Z", "usuario": ["jucanuro"], "referencia_doc": "Compra Lote KDKMMD", "observaciones": ""}}, {"model": "clientes.cliente", "pk": 1, "fields": {"farmacia": 3, "tipo_documento": "DNI", "numero_documento": "44894523", "nombres": "Juan Carlos", "apellidos": "Núñez Rodrigo", "direccion": "Av. principal de Cajamarca 2", "telefono": "949391610", "email": "jucanuro.inversiones@gmail.com", "fecha_nacimiento": "2025-07-10", "fecha_registro": "2025-07-10T05:59:29.606Z", "activo": true}}, {"model": "clientes.cliente", "pk": 2, "fields": {"farmacia": null, "tipo_documento": "DNI", "numero_documento": "27403215", "nombres": "Filomena", "apellidos": "Rodrigo", "direccion": "El verde", "telefono": "", "email": "", "fecha_nacimiento": null, "fecha_registro": "2025-07-11T02:51:42.099Z", "activo": true}}, {"model": "clientes.cliente", "pk": 3, "fields": {"farmacia": null, "tipo_documento": "DNI", "numero_documento": "27418410", "nombres": "Gilberto", "apellidos": "Núñez", "direccion": "El verde", "telefono": "", "email": "", "fecha_nacimiento": null, "fecha_registro": "2025-07-11T02:59:52.193Z", "activo": true}}, {"model": "clientes.cliente", "pk": 4, "fields": {"farmacia": null, "tipo_documento": "RUC", "numero_documento": "20401808871", "nombres": "StarLeaks SRL", "apellidos": "", "direccion": "Av. Perú", "telefono": "", "email": "", "fecha_nacimiento": null, "fecha_registro": "2025-07-11T03:05:54.209Z", "activo": true}}, {"model": "proveedores.proveedor", "pk": 1, "fields": {"nombre_comercial": "Distribuidora Farma", "razon_social": "Distribuidora Farma SAC", "tipo_documento": "RUC", "numero_documento": "2040607896543", "direccion": "Av la paz 123", "telefono": "1234566", "email": "", "sitio_web": "", "persona_contacto": "", "telefono_contacto": "789955", "condiciones_pago": "", "activo": true, "fecha_registro": "2025-07-03T04:31:14.906Z"}}, {"model": "compras.compra", "pk": 1, "fields": {"proveedor": 1, "sucursal_destino": 2, "orden_compra_asociada": null, "fecha_recepcion": "2025-07-08", "numero_factura_proveedor": "FE002-0006", "subtotal": "6.00", "impuestos": "1.08", "total_compra": "7.08", "estado": "PROCESADA", "observaciones": "", "registrado_por": ["jucanuro"]}}, {"model": "compras.compra", "pk": 2, "fields": {"proveedor": 1, "sucursal_destino": 2, "orden_compra_asociada": null, "fecha_recepcion": "2025-07-08", "numero_factura_proveedor": "FE001-005", "subtotal": "801.00", "impuestos": "144.18", "total_compra": "945.18", "estado": "PROCESADA", "observaciones": "", "registrado_por": ["jucanuro"]}}, {"model": "compras.compra", "pk": 3, "fields": {"proveedor": 1, "sucursal_destino": 2, "orden_compra_asociada": null, "fecha_recepcion": "2025-07-08", "numero_factura_proveedor": null, "subtotal": "65.00", "impuestos": "11.70", "total_compra": "76.70", "estado": "PROCESADA", "observaciones": "", "registrado_por": ["jucanuro"]}}, {"model": "compras.compra", "pk": 4, "fields": {"proveedor": 1, "sucursal_destino": 2, "orden_compra_asociada": null, "fecha_recepcion": "2025-07-08", "numero_factura_proveedor": "FE", "subtotal": "0.00", "impuestos": "0.00", "total_compra": "0.00", "estado": "PENDIENTE", "observaciones": "", "registrado_por": ["jucanuro"]}}, {"model": "compras.compra", "pk": 5, "fields": {"proveedor": 1, "sucursal_destino": 2, "orden_compra_asociada": null, "fecha_recepcion": "2025-07-08", "numero_factura_proveedor": "FE001-006", "subtotal": "0.00", "impuestos": "0.00", "total_compra": "0.00", "estado": "PENDIENTE", "observaciones": "", "registrado_por": ["jucanuro"]}}, {"model": "compras.compra", "pk": 6, "fields": {"proveedor": 1, "sucursal_destino": 2, "orden_compra_asociada": null, "fecha_recepcion": "2025-07-08", "numero_factura_proveedor": "FE001-002", "subtotal": "450.00", "impuestos": "81.00", "total_compra": "531.00", "estado": "PROCESADA", "observaciones": "", "registrado_por": ["jucanuro"]}}, {"model": "compras.compra", "pk": 7, "fields": {"proveedor": 1, "sucursal_destino": 2, "orden_compra_asociada": null, "fecha_recepcion": "2025-07-08", "numero_factura_proveedor": "FE001-003", "subtotal": "0.00", "impuestos": "0.00", "total_compra": "0.00", "estado": "PENDIENTE", "observaciones": "", "registrado_por": ["jucanuro"]}}, {"model": "compras.compra", "pk": 8, "fields": {"proveedor": 1, "sucursal_destino": 2, "orden_compra_asociada": null, "fecha_recepcion": "2025-07-08", "numero_factura_proveedor": "FE001-008", "subtotal": "50.00", "impuestos": "9.00", "total_compra": "59.00", "estado": "PROCESADA", "observaciones": "", "registrado_por": ["jucanuro"]}}, {"model": "compras.compra", "pk": 9, "fields": {"proveedor": 1, "sucursal_destino": 2, "orden_compra_asociada": null, "fecha_recepcion": "2025-07-09", "numero_factura_proveedor": "FE001-009", "subtotal": "20.00", "impuestos": "3.60", "total_compra": "23.60", "estado": "PROCESADA", "observaciones": "", "registrado_por": ["jucanuro"]}}, {"model": "compras.compra", "pk": 10, "fields": {"proveedor": 1, "sucursal_destino": 2, "orden_compra_asociada": null, "fecha_recepcion": "2025-07-09", "numero_factura_proveedor": "FE001-0010", "subtotal": "1100.00", "impuestos": "198.00", "total_compra": "1298.00", "estado": "PROCESADA", "observaciones": "", "registrado_por": ["jucanuro"]}}, {"model": "compras.compra", "pk": 11, "fields": {"proveedor": 1, "sucursal_destino": 2, "orden_compra_asociada": null, "fecha_recepcion": "2025-07-09", "numero_factura_proveedor": "FE002-0001", "subtotal": "100.00", "impuestos": "18.00", "total_compra": "118.00", "estado": "PROCESADA", "observaciones": "", "registrado_por": ["jucanuro"]}}, {"model": "compras.compra", "pk": 12, "fields": {"proveedor": 1, "sucursal_destino": 2, "orden_compra_asociada": null, "fecha_recepcion": "2025-07-09", "numero_factura_proveedor": "FE002-003", "subtotal": "10.00", "impuestos": "1.80", "total_compra": "11.80", "estado": "PROCESADA", "observaciones": "", "registrado_por": ["jucanuro"]}}, {"model": "compras.compra", "pk": 13, "fields": {"proveedor": 1, "sucursal_destino": 2, "orden_compra_asociada": null, "fecha_recepcion": "2025-07-09", "numero_factura_proveedor": "FE002-007", "subtotal": "0.00", "impuestos": "0.00", "total_compra": "0.00", "estado": "PROCESADA", "observaciones": "", "registrado_por": ["jucanuro"]}}, {"model": "compras.compra", "pk": 14, "fields": {"proveedor": 1, "sucursal_destino": 1, "orden_compra_asociada": null, "fecha_recepcion": "2025-07-09", "numero_factura_proveedor": "FE002-008", "subtotal": "410.00", "impuestos": "73.80", "total_compra": "483.80", "estado": "PROCESADA", "observaciones": "", "registrado_por": ["jucanuro"]}}, {"model": "compras.compra", "pk": 15, "fields": {"proveedor": 1, "sucursal_destino": 1, "orden_compra_asociada": null, "fecha_recepcion": "2025-07-09", "numero_factura_proveedor": "FE002-0010", "subtotal": "40.00", "impuestos": "7.20", "total_compra": "47.20", "estado": "PROCESADA", "observaciones": "", "registrado_por": ["jucanuro"]}}, {"model": "compras.compra", "pk": 16, "fields": {"proveedor": 1, "sucursal_destino": 2, "orden_compra_asociada": null, "fecha_recepcion": "2025-07-17", "numero_factura_proveedor": "FE002-0014", "subtotal": "12.00", "impuestos": "2.16", "total_compra": "14.16", "estado": "PROCESADA", "observaciones": "", "registrado_por": ["jucanuro"]}}, {"model": "compras.compra", "pk": 17, "fields": {"proveedor": 1, "sucursal_destino": 2, "orden_compra_asociada": null, "fecha_recepcion": "2025-07-19", "numero_factura_proveedor": "FE03-0001", "subtotal": "460.00", "impuestos": "82.80", "total_compra": "542.80", "estado": "PROCESADA", "observaciones": "", "registrado_por": ["jucanuro"]}}, {"model": "compras.compra", "pk": 18, "fields": {"proveedor": 1, "sucursal_destino": 2, "orden_compra_asociada": null, "fecha_recepcion": "2025-07-19", "numero_factura_proveedor": "FE003-0002", "subtotal": "460.00", "impuestos": "82.80", "total_compra": "542.80", "estado": "PROCESADA", "observaciones": "", "registrado_por": ["jucanuro"]}}, {"model": "compras.compra", "pk": 19, "fields": {"proveedor": 1, "sucursal_destino": 2, "orden_compra_asociada": null, "fecha_recepcion": "2025-07-19", "numero_factura_proveedor": "FE003-004", "subtotal": "440.00", "impuestos": "79.20", "total_compra": "519.20", "estado": "PROCESADA", "observaciones": "", "registrado_por": ["jucanuro"]}}, {"model": "compras.detallecompra", "pk": 1, "fields": {"compra": 6, "producto": 2, "cantidad_recibida": "20.00", "precio_unitario_compra": "2.00", "presentacion": null, "lote": "GHHHG", "fecha_vencimiento": "2025-07-08", "subtotal_linea": "40.00"}}, {"model": "compras.detallecompra", "pk": 2, "fields": {"compra": 6, "producto": 1, "cantidad_recibida": "5.00", "precio_unitario_compra": "2.00", "presentacion": null, "lote": "KSKSKS", "fecha_vencimiento": "2025-07-08", "subtotal_linea": "10.00"}}, {"model": "compras.detallecompra", "pk": 3, "fields": {"compra": 6, "producto": 2, "cantidad_recibida": "200.00", "precio_unitario_compra": "2.00", "presentacion": null, "lote": "KSKSKSS", "fecha_vencimiento": "2025-07-08", "subtotal_linea": "400.00"}}, {"model": "compras.detallecompra", "pk": 4, "fields": {"compra": 8, "producto": 2, "cantidad_recibida": "4.00", "precio_unitario_compra": "10.00", "presentacion": null, "lote": "KFKFKF", "fecha_vencimiento": "2025-07-08", "subtotal_linea": "40.00"}}, {"model": "compras.detallecompra", "pk": 5, "fields": {"compra": 8, "producto": 1, "cantidad_recibida": "5.00", "precio_unitario_compra": "2.00", "presentacion": null, "lote": "LLOREE", "fecha_vencimiento": "2025-07-08", "subtotal_linea": "10.00"}}, {"model": "compras.detallecompra", "pk": 6, "fields": {"compra": 9, "producto": 2, "cantidad_recibida": "3.00", "precio_unitario_compra": "10.00", "presentacion": null, "lote": "KHFHFJ", "fecha_vencimiento": "2025-07-31", "subtotal_linea": "30.00"}}, {"model": "compras.detallecompra", "pk": 7, "fields": {"compra": 10, "producto": 2, "cantidad_recibida": "20.00", "precio_unitario_compra": "5.00", "presentacion": null, "lote": "KSKDKD", "fecha_vencimiento": "2025-07-31", "subtotal_linea": "100.00"}}, {"model": "compras.detallecompra", "pk": 8, "fields": {"compra": 10, "producto": 1, "cantidad_recibida": "50.00", "precio_unitario_compra": "20.00", "presentacion": null, "lote": "KDKDKD", "fecha_vencimiento": "2025-08-08", "subtotal_linea": "1000.00"}}, {"model": "compras.detallecompra", "pk": 9, "fields": {"compra": 11, "producto": 2, "cantidad_recibida": "20.00", "precio_unitario_compra": "5.00", "presentacion": null, "lote": "KGKGKG", "fecha_vencimiento": "2025-07-09", "subtotal_linea": "100.00"}}, {"model": "compras.detallecompra", "pk": 10, "fields": {"compra": 12, "producto": 2, "cantidad_recibida": "2.00", "precio_unitario_compra": "5.00", "presentacion": null, "lote": "KFKKFFF", "fecha_vencimiento": "2025-07-09", "subtotal_linea": "10.00"}}, {"model": "compras.detallecompra", "pk": 11, "fields": {"compra": 1, "producto": 2, "cantidad_recibida": "2.00", "precio_unitario_compra": "3.00", "presentacion": null, "lote": "KGKGK", "fecha_vencimiento": "2025-07-09", "subtotal_linea": "6.00"}}, {"model": "compras.detallecompra", "pk": 12, "fields": {"compra": 14, "producto": 2, "cantidad_recibida": "20.00", "precio_unitario_compra": "4.00", "presentacion": 1, "lote": "KJUNMMG", "fecha_vencimiento": "2025-08-07", "subtotal_linea": "80.00"}}, {"model": "compras.detallecompra", "pk": 13, "fields": {"compra": 14, "producto": 1, "cantidad_recibida": "25.00", "precio_unitario_compra": "6.00", "presentacion": null, "lote": "BGT54F", "fecha_vencimiento": "2025-08-01", "subtotal_linea": "150.00"}}, {"model": "compras.detallecompra", "pk": 14, "fields": {"compra": 14, "producto": 2, "cantidad_recibida": "9.00", "precio_unitario_compra": "20.00", "presentacion": 1, "lote": "P08766", "fecha_vencimiento": "2025-07-24", "subtotal_linea": "180.00"}}, {"model": "compras.detallecompra", "pk": 15, "fields": {"compra": 2, "producto": 2, "cantidad_recibida": "20.00", "precio_unitario_compra": "5.00", "presentacion": 1, "lote": "KKK987", "fecha_vencimiento": "2025-07-09", "subtotal_linea": "100.00"}}, {"model": "compras.detallecompra", "pk": 16, "fields": {"compra": 2, "producto": 1, "cantidad_recibida": "25.00", "precio_unitario_compra": "4.00", "presentacion": 1, "lote": "526699IJ", "fecha_vencimiento": "2025-07-30", "subtotal_linea": "100.00"}}, {"model": "compras.detallecompra", "pk": 17, "fields": {"compra": 2, "producto": 2, "cantidad_recibida": "36.00", "precio_unitario_compra": "5.00", "presentacion": 1, "lote": "4588JJD", "fecha_vencimiento": "2025-08-08", "subtotal_linea": "180.00"}}, {"model": "compras.detallecompra", "pk": 18, "fields": {"compra": 2, "producto": 1, "cantidad_recibida": "7.00", "precio_unitario_compra": "8.00", "presentacion": 1, "lote": "KLO98", "fecha_vencimiento": "2025-08-09", "subtotal_linea": "56.00"}}, {"model": "compras.detallecompra", "pk": 19, "fields": {"compra": 2, "producto": 2, "cantidad_recibida": "25.00", "precio_unitario_compra": "9.00", "presentacion": 1, "lote": "LLO987", "fecha_vencimiento": "2025-08-05", "subtotal_linea": "225.00"}}, {"model": "compras.detallecompra", "pk": 20, "fields": {"compra": 2, "producto": 1, "cantidad_recibida": "8.00", "precio_unitario_compra": "5.00", "presentacion": 1, "lote": "KKJDLLD", "fecha_vencimiento": "2025-07-21", "subtotal_linea": "40.00"}}, {"model": "compras.detallecompra", "pk": 21, "fields": {"compra": 2, "producto": 1, "cantidad_recibida": "20.00", "precio_unitario_compra": "5.00", "presentacion": 1, "lote": "LDLLDO", "fecha_vencimiento": "2025-08-06", "subtotal_linea": "100.00"}}, {"model": "compras.detallecompra", "pk": 22, "fields": {"compra": 3, "producto": 2, "cantidad_recibida": "20.00", "precio_unitario_compra": "2.00", "presentacion": 1, "lote": "KDKDD", "fecha_vencimiento": "2025-07-09", "subtotal_linea": "40.00"}}, {"model": "compras.detallecompra", "pk": 23, "fields": {"compra": 3, "producto": 1, "cantidad_recibida": "5.00", "precio_unitario_compra": "5.00", "presentacion": 1, "lote": "PPMMG5", "fecha_vencimiento": "2025-07-10", "subtotal_linea": "25.00"}}, {"model": "compras.detallecompra", "pk": 24, "fields": {"compra": 15, "producto": 2, "cantidad_recibida": "8.00", "precio_unitario_compra": "5.00", "presentacion": null, "lote": "KGKGKG", "fecha_vencimiento": "2025-07-09", "subtotal_linea": "40.00"}}, {"model": "compras.detallecompra", "pk": 25, "fields": {"compra": 16, "producto": 2, "cantidad_recibida": "2.00", "precio_unitario_compra": "6.00", "presentacion": null, "lote": "KMDKMDKM", "fecha_vencimiento": "2025-07-17", "subtotal_linea": "12.00"}}, {"model": "compras.detallecompra", "pk": 26, "fields": {"compra": 17, "producto": 2, "cantidad_recibida": "2.00", "precio_unitario_compra": "30.00", "presentacion": null, "lote": "KKKDKDK", "fecha_vencimiento": "2025-07-19", "subtotal_linea": "60.00"}}, {"model": "compras.detallecompra", "pk": 27, "fields": {"compra": 17, "producto": 1, "cantidad_recibida": "20.00", "precio_unitario_compra": "20.00", "presentacion": null, "lote": "KFKFKKFF", "fecha_vencimiento": "2025-07-31", "subtotal_linea": "400.00"}}, {"model": "compras.detallecompra", "pk": 28, "fields": {"compra": 18, "producto": 2, "cantidad_recibida": "20.00", "precio_unitario_compra": "20.00", "presentacion": null, "lote": "KDKDKD", "fecha_vencimiento": "2025-07-19", "subtotal_linea": "400.00"}}, {"model": "compras.detallecompra", "pk": 29, "fields": {"compra": 18, "producto": 1, "cantidad_recibida": "30.00", "precio_unitario_compra": "2.00", "presentacion": null, "lote": "KFKFKKFF", "fecha_vencimiento": "2025-07-19", "subtotal_linea": "60.00"}}, {"model": "compras.detallecompra", "pk": 30, "fields": {"compra": 19, "producto": 2, "cantidad_recibida": "20.00", "precio_unitario_compra": "20.00", "presentacion": null, "lote": "kkdkdkd", "fecha_vencimiento": "2025-07-19", "subtotal_linea": "400.00"}}, {"model": "compras.detallecompra", "pk": 31, "fields": {"compra": 19, "producto": 2, "cantidad_recibida": "20.00", "precio_unitario_compra": "2.00", "presentacion": null, "lote": "eeee", "fecha_vencimiento": "2025-07-19", "subtotal_linea": "40.00"}}, {"model": "ventas.venta", "pk": 1, "fields": {"sucursal": 2, "cliente": null, "vendedor": ["jucanuro"], "sesion_caja": null, "fecha_venta": "2025-07-11T04:08:49.642Z", "tipo_comprobante": "TICKET", "numero_comprobante": null, "subtotal": "24.00", "monto_descuento": "0.00", "impuestos": "4.32", "total_venta": "28.32", "metodo_pago": "EFECTIVO", "monto_recibido": "25.00", "vuelto": null, "qr_code_data": null, "estado": "PENDIENTE", "estado_facturacion_electronica": "N/A", "uuid_comprobante_fe": null, "observaciones_fe": null}}, {"model": "ventas.venta", "pk": 2, "fields": {"sucursal": 2, "cliente": 1, "vendedor": ["jucanuro"], "sesion_caja": null, "fecha_venta": "2025-07-11T04:21:33.340Z", "tipo_comprobante": "BOLETA", "numero_comprobante": null, "subtotal": "32.00", "monto_descuento": "0.00", "impuestos": "5.76", "total_venta": "37.76", "metodo_pago": "TARJETA", "monto_recibido": "50.00", "vuelto": null, "qr_code_data": null, "estado": "PENDIENTE", "estado_facturacion_electronica": "N/A", "uuid_comprobante_fe": null, "observaciones_fe": null}}, {"model": "ventas.venta", "pk": 3, "fields": {"sucursal": 2, "cliente": 1, "vendedor": ["jucanuro"], "sesion_caja": null, "fecha_venta": "2025-07-12T02:41:51.170Z", "tipo_comprobante": "BOLETA", "numero_comprobante": null, "subtotal": "6.00", "monto_descuento": "0.00", "impuestos": "1.08", "total_venta": "7.08", "metodo_pago": "EFECTIVO", "monto_recibido": "10.00", "vuelto": null, "qr_code_data": null, "estado": "PENDIENTE", "estado_facturacion_electronica": "N/A", "uuid_comprobante_fe": null, "observaciones_fe": null}}, {"model": "ventas.venta", "pk": 4, "fields": {"sucursal": 2, "cliente": null, "vendedor": ["jucanuro"], "sesion_caja": null, "fecha_venta": "2025-07-12T02:46:15.467Z", "tipo_comprobante": "TICKET", "numero_comprobante": null, "subtotal": "2.00", "monto_descuento": "0.00", "impuestos": "0.36", "total_venta": "2.36", "metodo_pago": "EFECTIVO", "monto_recibido": "2.00", "vuelto": null, "qr_code_data": null, "estado": "PENDIENTE", "estado_facturacion_electronica": "N/A", "uuid_comprobante_fe": null, "observaciones_fe": null}}, {"model": "ventas.venta", "pk": 5, "fields": {"sucursal": 2, "cliente": 1, "vendedor": ["jucanuro"], "sesion_caja": null, "fecha_venta": "2025-07-12T03:10:05.449Z", "tipo_comprobante": "BOLETA", "numero_comprobante": null, "subtotal": "18.00", "monto_descuento": "0.00", "impuestos": "3.24", "total_venta": "21.24", "metodo_pago": "EFECTIVO", "monto_recibido": "25.00", "vuelto": null, "qr_code_data": null, "estado": "PENDIENTE", "estado_facturacion_electronica": "N/A", "uuid_comprobante_fe": null, "observaciones_fe": null}}, {"model": "ventas.venta", "pk": 6, "fields": {"sucursal": 2, "cliente": 2, "vendedor": ["jucanuro"], "sesion_caja": null, "fecha_venta": "2025-07-14T23:01:01.363Z", "tipo_comprobante": "BOLETA", "numero_comprobante": null, "subtotal": "24.00", "monto_descuento": "0.00", "impuestos": "4.32", "total_venta": "28.32", "metodo_pago": "EFECTIVO", "monto_recibido": "30.00", "vuelto": null, "qr_code_data": null, "estado": "PENDIENTE", "estado_facturacion_electronica": "N/A", "uuid_comprobante_fe": null, "observaciones_fe": null}}, {"model": "ventas.venta", "pk": 7, "fields": {"sucursal": 2, "cliente": 1, "vendedor": ["jucanuro"], "sesion_caja": null, "fecha_venta": "2025-07-16T03:23:57.128Z", "tipo_comprobante": "BOLETA", "numero_comprobante": null, "subtotal": "6.00", "monto_descuento": "0.00", "impuestos": "1.08", "total_venta": "7.08", "metodo_pago": "EFECTIVO", "monto_recibido": "10.00", "vuelto": null, "qr_code_data": null, "estado": "PENDIENTE", "estado_facturacion_electronica": "N/A", "uuid_comprobante_fe": null, "observaciones_fe": null}}, {"model": "ventas.venta", "pk": 8, "fields": {"sucursal": 2, "cliente": null, "vendedor": ["jucanuro"], "sesion_caja": null, "fecha_venta": "2025-07-16T03:30:50.284Z", "tipo_comprobante": "TICKET", "numero_comprobante": null, "subtotal": "8.00", "monto_descuento": "0.00", "impuestos": "1.44", "total_venta": "9.44", "metodo_pago": "EFECTIVO", "monto_recibido": "8.00", "vuelto": null, "qr_code_data": null, "estado": "PENDIENTE", "estado_facturacion_electronica": "N/A", "uuid_comprobante_fe": null, "observaciones_fe": null}}, {"model": "ventas.venta", "pk": 9, "fields": {"sucursal": 2, "cliente": 1, "vendedor": ["jucanuro"], "sesion_caja": null, "fecha_venta": "2025-07-16T03:37:33.282Z", "tipo_comprobante": "BOLETA", "numero_comprobante": null, "subtotal": "0.00", "monto_descuento": "0.00", "impuestos": "0.00", "total_venta": "0.00", "metodo_pago": "EFECTIVO", "monto_recibido": "10.00", "vuelto": null, "qr_code_data": null, "estado": "PENDIENTE", "estado_facturacion_electronica": "N/A", "uuid_comprobante_fe": null, "observaciones_fe": null}}, {"model": "ventas.venta", "pk": 10, "fields": {"sucursal": 2, "cliente": null, "vendedor": ["jucanuro"], "sesion_caja": null, "fecha_venta": "2025-07-16T03:55:55.244Z", "tipo_comprobante": "TICKET", "numero_comprobante": null, "subtotal": "8.00", "monto_descuento": "0.00", "impuestos": "1.44", "total_venta": "9.44", "metodo_pago": "EFECTIVO", "monto_recibido": "8.00", "vuelto": null, "qr_code_data": null, "estado": "PENDIENTE", "estado_facturacion_electronica": "N/A", "uuid_comprobante_fe": null, "observaciones_fe": null}}, {"model": "ventas.venta", "pk": 11, "fields": {"sucursal": 2, "cliente": 1, "vendedor": ["jucanuro"], "sesion_caja": null, "fecha_venta": "2025-07-16T03:56:43.884Z", "tipo_comprobante": "BOLETA", "numero_comprobante": null, "subtotal": "8.00", "monto_descuento": "0.00", "impuestos": "1.44", "total_venta": "9.44", "metodo_pago": "EFECTIVO", "monto_recibido": "10.00", "vuelto": null, "qr_code_data": null, "estado": "PENDIENTE", "estado_facturacion_electronica": "N/A", "uuid_comprobante_fe": null, "observaciones_fe": null}}, {"model": "ventas.venta", "pk": 12, "fields": {"sucursal": 2, "cliente": 1, "vendedor": ["jucanuro"], "sesion_caja": null, "fecha_venta": "2025-07-16T04:00:16.618Z", "tipo_comprobante": "BOLETA", "numero_comprobante": null, "subtotal": "12.00", "monto_descuento": "0.00", "impuestos": "2.16", "total_venta": "14.16", "metodo_pago": "EFECTIVO", "monto_recibido": "15.00", "vuelto": null, "qr_code_data": null, "estado": "PENDIENTE", "estado_facturacion_electronica": "N/A", "uuid_comprobante_fe": null, "observaciones_fe": null}}, {"model": "ventas.venta", "pk": 13, "fields": {"sucursal": 2, "cliente": 1, "vendedor": ["jucanuro"], "sesion_caja": null, "fecha_venta": "2025-07-16T04:02:49.999Z", "tipo_comprobante": "BOLETA", "numero_comprobante": null, "subtotal": "6.00", "monto_descuento": "0.00", "impuestos": "1.08", "total_venta": "7.08", "metodo_pago": "EFECTIVO", "monto_recibido": "8.00", "vuelto": null, "qr_code_data": null, "estado": "PENDIENTE", "estado_facturacion_electronica": "N/A", "uuid_comprobante_fe": null, "observaciones_fe": null}}, {"model": "ventas.venta", "pk": 14, "fields": {"sucursal": 2, "cliente": 1, "vendedor": ["jucanuro"], "sesion_caja": null, "fecha_venta": "2025-07-16T04:03:25.125Z", "tipo_comprobante": "BOLETA", "numero_comprobante": null, "subtotal": "6.00", "monto_descuento": "0.00", "impuestos": "1.08", "total_venta": "7.08", "metodo_pago": "EFECTIVO", "monto_recibido": "8.00", "vuelto": null, "qr_code_data": null, "estado": "PENDIENTE", "estado_facturacion_electronica": "N/A", "uuid_comprobante_fe": null, "observaciones_fe": null}}, {"model": "ventas.venta", "pk": 15, "fields": {"sucursal": 2, "cliente": 1, "vendedor": ["jucanuro"], "sesion_caja": null, "fecha_venta": "2025-07-16T04:09:17.382Z", "tipo_comprobante": "BOLETA", "numero_comprobante": null, "subtotal": "6.00", "monto_descuento": "0.00", "impuestos": "1.08", "total_venta": "7.08", "metodo_pago": "EFECTIVO", "monto_recibido": "8.00", "vuelto": null, "qr_code_data": null, "estado": "PENDIENTE", "estado_facturacion_electronica": "N/A", "uuid_comprobante_fe": null, "observaciones_fe": null}}, {"model": "ventas.venta", "pk": 16, "fields": {"sucursal": 2, "cliente": 1, "vendedor": ["jucanuro"], "sesion_caja": 1, "fecha_venta": "2025-07-17T00:53:40.928Z", "tipo_comprobante": "BOLETA", "numero_comprobante": null, "subtotal": "18.00", "monto_descuento": "0.00", "impuestos": "3.24", "total_venta": "21.24", "metodo_pago": "EFECTIVO", "monto_recibido": "25.00", "vuelto": null, "qr_code_data": null, "estado": "PENDIENTE", "estado_facturacion_electronica": "N/A", "uuid_comprobante_fe": null, "observaciones_fe": null}}, {"model": "ventas.venta", "pk": 17, "fields": {"sucursal": 2, "cliente": null, "vendedor": ["jucanuro"], "sesion_caja": 1, "fecha_venta": "2025-07-17T02:22:37.546Z", "tipo_comprobante": "TICKET", "numero_comprobante": null, "subtotal": "22.00", "monto_descuento": "0.00", "impuestos": "3.96", "total_venta": "25.96", "metodo_pago": "EFECTIVO", "monto_recibido": "22.00", "vuelto": null, "qr_code_data": null, "estado": "PENDIENTE", "estado_facturacion_electronica": "N/A", "uuid_comprobante_fe": null, "observaciones_fe": null}}, {"model": "ventas.venta", "pk": 18, "fields": {"sucursal": 2, "cliente": null, "vendedor": ["jucanuro"], "sesion_caja": 2, "fecha_venta": "2025-07-17T02:25:19.187Z", "tipo_comprobante": "TICKET", "numero_comprobante": null, "subtotal": "20.00", "monto_descuento": "0.00", "impuestos": "3.60", "total_venta": "23.60", "metodo_pago": "EFECTIVO", "monto_recibido": "20.00", "vuelto": null, "qr_code_data": null, "estado": "PENDIENTE", "estado_facturacion_electronica": "N/A", "uuid_comprobante_fe": null, "observaciones_fe": null}}, {"model": "ventas.venta", "pk": 19, "fields": {"sucursal": 2, "cliente": null, "vendedor": ["jucanuro"], "sesion_caja": 3, "fecha_venta": "2025-07-17T02:27:26.187Z", "tipo_comprobante": "TICKET", "numero_comprobante": null, "subtotal": "8.00", "monto_descuento": "0.00", "impuestos": "1.44", "total_venta": "9.44", "metodo_pago": "EFECTIVO", "monto_recibido": "8.00", "vuelto": null, "qr_code_data": null, "estado": "COMPLETADA", "estado_facturacion_electronica": "N/A", "uuid_comprobante_fe": null, "observaciones_fe": null}}, {"model": "ventas.venta", "pk": 20, "fields": {"sucursal": 2, "cliente": 1, "vendedor": ["jucanuro"], "sesion_caja": 4, "fecha_venta": "2025-07-17T02:30:58.699Z", "tipo_comprobante": "BOLETA", "numero_comprobante": null, "subtotal": "46.00", "monto_descuento": "0.00", "impuestos": "8.28", "total_venta": "54.28", "metodo_pago": "EFECTIVO", "monto_recibido": "60.00", "vuelto": null, "qr_code_data": null, "estado": "COMPLETADA", "estado_facturacion_electronica": "N/A", "uuid_comprobante_fe": null, "observaciones_fe": null}}, {"model": "ventas.venta", "pk": 21, "fields": {"sucursal": 2, "cliente": null, "vendedor": ["jucanuro"], "sesion_caja": 5, "fecha_venta": "2025-07-17T22:06:04.977Z", "tipo_comprobante": "TICKET", "numero_comprobante": null, "subtotal": "56.00", "monto_descuento": "0.00", "impuestos": "10.08", "total_venta": "66.08", "metodo_pago": "EFECTIVO", "monto_recibido": "60.00", "vuelto": null, "qr_code_data": null, "estado": "COMPLETADA", "estado_facturacion_electronica": "N/A", "uuid_comprobante_fe": null, "observaciones_fe": null}}, {"model": "ventas.venta", "pk": 22, "fields": {"sucursal": 2, "cliente": 1, "vendedor": ["jucanuro"], "sesion_caja": 8, "fecha_venta": "2025-07-19T13:28:57.432Z", "tipo_comprobante": "BOLETA", "numero_comprobante": null, "subtotal": "18.00", "monto_descuento": "2.00", "impuestos": "3.24", "total_venta": "21.24", "metodo_pago": "EFECTIVO", "monto_recibido": "25.00", "vuelto": null, "qr_code_data": null, "estado": "COMPLETADA", "estado_facturacion_electronica": "N/A", "uuid_comprobante_fe": null, "observaciones_fe": null}}, {"model": "ventas.venta", "pk": 23, "fields": {"sucursal": 2, "cliente": 4, "vendedor": ["jucanuro"], "sesion_caja": 8, "fecha_venta": "2025-07-19T15:30:10.234Z", "tipo_comprobante": "FACTURA", "numero_comprobante": null, "subtotal": "24.00", "monto_descuento": "0.00", "impuestos": "4.32", "total_venta": "28.32", "metodo_pago": "EFECTIVO", "monto_recibido": "30.00", "vuelto": null, "qr_code_data": null, "estado": "COMPLETADA", "estado_facturacion_electronica": "N/A", "uuid_comprobante_fe": null, "observaciones_fe": null}}, {"model": "ventas.venta", "pk": 24, "fields": {"sucursal": 2, "cliente": 1, "vendedor": ["jucanuro"], "sesion_caja": 9, "fecha_venta": "2025-07-19T15:40:32.483Z", "tipo_comprobante": "BOLETA", "numero_comprobante": null, "subtotal": "6.00", "monto_descuento": "0.00", "impuestos": "1.08", "total_venta": "7.08", "metodo_pago": "EFECTIVO", "monto_recibido": "10.00", "vuelto": null, "qr_code_data": null, "estado": "COMPLETADA", "estado_facturacion_electronica": "N/A", "uuid_comprobante_fe": null, "observaciones_fe": null}}, {"model": "ventas.venta", "pk": 25, "fields": {"sucursal": 2, "cliente": null, "vendedor": ["jucanuro"], "sesion_caja": 9, "fecha_venta": "2025-07-25T14:59:40.861Z", "tipo_comprobante": "TICKET", "numero_comprobante": null, "subtotal": "20.00", "monto_descuento": "0.00", "impuestos": "3.60", "total_venta": "23.60", "metodo_pago": "EFECTIVO", "monto_recibido": "20.00", "vuelto": null, "qr_code_data": null, "estado": "COMPLETADA", "estado_facturacion_electronica": "N/A", "uuid_comprobante_fe": null, "observaciones_fe": null}}, {"model": "ventas.venta", "pk": 26, "fields": {"sucursal": 2, "cliente": null, "vendedor": ["jucanuro"], "sesion_caja": 9, "fecha_venta": "2025-07-25T15:03:11.424Z", "tipo_comprobante": "TICKET", "numero_comprobante": null, "subtotal": "20.00", "monto_descuento": "0.00", "impuestos": "3.60", "total_venta": "23.60", "metodo_pago": "EFECTIVO", "monto_recibido": "20.00", "vuelto": null, "qr_code_data": null, "estado": "COMPLETADA", "estado_facturacion_electronica": "N/A", "uuid_comprobante_fe": null, "observaciones_fe": null}}, {"model": "ventas.venta", "pk": 27, "fields": {"sucursal": 2, "cliente": 1, "vendedor": ["jucanuro"], "sesion_caja": 9, "fecha_venta": "2025-07-25T15:04:18.171Z", "tipo_comprobante": "BOLETA", "numero_comprobante": null, "subtotal": "20.00", "monto_descuento": "0.00", "impuestos": "3.60", "total_venta": "23.60", "metodo_pago": "EFECTIVO", "monto_recibido": "25.00", "vuelto": null, "qr_code_data": null, "estado": "COMPLETADA", "estado_facturacion_electronica": "N/A", "uuid_comprobante_fe": null, "observaciones_fe": null}}, {"model": "ventas.venta", "pk": 28, "fields": {"sucursal": 2, "cliente": null, "vendedor": ["jucanuro"], "sesion_caja": 9, "fecha_venta": "2025-07-25T15:06:05.558Z", "tipo_comprobante": "TICKET", "numero_comprobante": null, "subtotal": "20.00", "monto_descuento": "0.00", "impuestos": "3.60", "total_venta": "23.60", "metodo_pago": "EFECTIVO", "monto_recibido": "20.00", "vuelto": null, "qr_code_data": null, "estado": "COMPLETADA", "estado_facturacion_electronica": "N/A", "uuid_comprobante_fe": null, "observaciones_fe": null}}, {"model": "ventas.venta", "pk": 29, "fields": {"sucursal": 2, "cliente": null, "vendedor": ["jucanuro"], "sesion_caja": 9, "fecha_venta": "2025-07-25T15:09:36.806Z", "tipo_comprobante": "TICKET", "numero_comprobante": null, "subtotal": "20.00", "monto_descuento": "0.00", "impuestos": "3.60", "total_venta": "23.60", "metodo_pago": "EFECTIVO", "monto_recibido": "20.00", "vuelto": null, "qr_code_data": null, "estado": "COMPLETADA", "estado_facturacion_electronica": "N/A", "uuid_comprobante_fe": null, "observaciones_fe": null}}, {"model": "ventas.venta", "pk": 30, "fields": {"sucursal": 2, "cliente": null, "vendedor": ["jucanuro"], "sesion_caja": 9, "fecha_venta": "2025-07-25T15:10:38.252Z", "tipo_comprobante": "TICKET", "numero_comprobante": null, "subtotal": "20.00", "monto_descuento": "0.00", "impuestos": "3.60", "total_venta": "23.60", "metodo_pago": "EFECTIVO", "monto_recibido": "20.00", "vuelto": null, "qr_code_data": null, "estado": "COMPLETADA", "estado_facturacion_electronica": "N/A", "uuid_comprobante_fe": null, "observaciones_fe": null}}, {"model": "ventas.venta", "pk": 31, "fields": {"sucursal": 2, "cliente": null, "vendedor": ["jucanuro"], "sesion_caja": 9, "fecha_venta": "2025-07-25T15:13:53.817Z", "tipo_comprobante": "TICKET", "numero_comprobante": null, "subtotal": "20.00", "monto_descuento": "0.00", "impuestos": "3.60", "total_venta": "23.60", "metodo_pago": "EFECTIVO", "monto_recibido": "20.00", "vuelto": null, "qr_code_data": null, "estado": "COMPLETADA", "estado_facturacion_electronica": "N/A", "uuid_comprobante_fe": null, "observaciones_fe": null}}, {"model": "ventas.venta", "pk": 32, "fields": {"sucursal": 2, "cliente": null, "vendedor": ["jucanuro"], "sesion_caja": 9, "fecha_venta": "2025-07-25T15:36:53.922Z", "tipo_comprobante": "TICKET", "numero_comprobante": null, "subtotal": "20.00", "monto_descuento": "0.00", "impuestos": "3.60", "total_venta": "23.60", "metodo_pago": "EFECTIVO", "monto_recibido": "20.00", "vuelto": null, "qr_code_data": null, "estado": "COMPLETADA", "estado_facturacion_electronica": "N/A", "uuid_comprobante_fe": null, "observaciones_fe": null}}, {"model": "ventas.detalleventa", "pk": 1, "fields": {"venta": 1, "producto": 2, "stock_producto": null, "cantidad": "3.00", "unidad_venta": "UNIDAD", "precio_unitario": "6.00", "monto_descuento_linea": "0.00", "subtotal_linea": "18.00"}}, {"model": "ventas.detalleventa", "pk": 2, "fields": {"venta": 1, "producto": 1, "stock_producto": null, "cantidad": "3.00", "unidad_venta": "UNIDAD", "precio_unitario": "2.00", "monto_descuento_linea": "0.00", "subtotal_linea": "6.00"}}, {"model": "ventas.detalleventa", "pk": 3, "fields": {"venta": 2, "producto": 2, "stock_producto": null, "cantidad": "5.00", "unidad_venta": "UNIDAD", "precio_unitario": "6.00", "monto_descuento_linea": "0.00", "subtotal_linea": "30.00"}}, {"model": "ventas.detalleventa", "pk": 4, "fields": {"venta": 2, "producto": 1, "stock_producto": null, "cantidad": "1.00", "unidad_venta": "UNIDAD", "precio_unitario": "2.00", "monto_descuento_linea": "0.00", "subtotal_linea": "2.00"}}, {"model": "ventas.detalleventa", "pk": 5, "fields": {"venta": 3, "producto": 2, "stock_producto": null, "cantidad": "1.00", "unidad_venta": "UNIDAD", "precio_unitario": "6.00", "monto_descuento_linea": "0.00", "subtotal_linea": "6.00"}}, {"model": "ventas.detalleventa", "pk": 6, "fields": {"venta": 4, "producto": 1, "stock_producto": null, "cantidad": "1.00", "unidad_venta": "UNIDAD", "precio_unitario": "2.00", "monto_descuento_linea": "0.00", "subtotal_linea": "2.00"}}, {"model": "ventas.detalleventa", "pk": 7, "fields": {"venta": 5, "producto": 2, "stock_producto": null, "cantidad": "3.00", "unidad_venta": "UNIDAD", "precio_unitario": "6.00", "monto_descuento_linea": "0.00", "subtotal_linea": "18.00"}}, {"model": "ventas.detalleventa", "pk": 8, "fields": {"venta": 6, "producto": 2, "stock_producto": null, "cantidad": "3.00", "unidad_venta": "UNIDAD", "precio_unitario": "6.00", "monto_descuento_linea": "0.00", "subtotal_linea": "18.00"}}, {"model": "ventas.detalleventa", "pk": 9, "fields": {"venta": 6, "producto": 1, "stock_producto": null, "cantidad": "3.00", "unidad_venta": "UNIDAD", "precio_unitario": "2.00", "monto_descuento_linea": "0.00", "subtotal_linea": "6.00"}}, {"model": "ventas.detalleventa", "pk": 10, "fields": {"venta": 7, "producto": 2, "stock_producto": null, "cantidad": "1.00", "unidad_venta": "UNIDAD", "precio_unitario": "6.00", "monto_descuento_linea": "0.00", "subtotal_linea": "6.00"}}, {"model": "ventas.detalleventa", "pk": 11, "fields": {"venta": 8, "producto": 2, "stock_producto": null, "cantidad": "1.00", "unidad_venta": "UNIDAD", "precio_unitario": "6.00", "monto_descuento_linea": "0.00", "subtotal_linea": "6.00"}}, {"model": "ventas.detalleventa", "pk": 12, "fields": {"venta": 8, "producto": 1, "stock_producto": null, "cantidad": "1.00", "unidad_venta": "UNIDAD", "precio_unitario": "2.00", "monto_descuento_linea": "0.00", "subtotal_linea": "2.00"}}, {"model": "ventas.detalleventa", "pk": 13, "fields": {"venta": 9, "producto": 2, "stock_producto": null, "cantidad": "1.00", "unidad_venta": "UNIDAD", "precio_unitario": "6.00", "monto_descuento_linea": "0.00", "subtotal_linea": "6.00"}}, {"model": "ventas.detalleventa", "pk": 14, "fields": {"venta": 10, "producto": 2, "stock_producto": null, "cantidad": "1.00", "unidad_venta": "UNIDAD", "precio_unitario": "6.00", "monto_descuento_linea": "0.00", "subtotal_linea": "6.00"}}, {"model": "ventas.detalleventa", "pk": 15, "fields": {"venta": 10, "producto": 1, "stock_producto": null, "cantidad": "1.00", "unidad_venta": "UNIDAD", "precio_unitario": "2.00", "monto_descuento_linea": "0.00", "subtotal_linea": "2.00"}}, {"model": "ventas.detalleventa", "pk": 16, "fields": {"venta": 11, "producto": 2, "stock_producto": null, "cantidad": "1.00", "unidad_venta": "UNIDAD", "precio_unitario": "6.00", "monto_descuento_linea": "0.00", "subtotal_linea": "6.00"}}, {"model": "ventas.detalleventa", "pk": 17, "fields": {"venta": 11, "producto": 1, "stock_producto": null, "cantidad": "1.00", "unidad_venta": "UNIDAD", "precio_unitario": "2.00", "monto_descuento_linea": "0.00", "subtotal_linea": "2.00"}}, {"model": "ventas.detalleventa", "pk": 18, "fields": {"venta": 12, "producto": 2, "stock_producto": null, "cantidad": "2.00", "unidad_venta": "UNIDAD", "precio_unitario": "6.00", "monto_descuento_linea": "0.00", "subtotal_linea": "12.00"}}, {"model": "ventas.detalleventa", "pk": 19, "fields": {"venta": 13, "producto": 2, "stock_producto": null, "cantidad": "1.00", "unidad_venta": "UNIDAD", "precio_unitario": "6.00", "monto_descuento_linea": "0.00", "subtotal_linea": "6.00"}}, {"model": "ventas.detalleventa", "pk": 20, "fields": {"venta": 14, "producto": 2, "stock_producto": null, "cantidad": "1.00", "unidad_venta": "UNIDAD", "precio_unitario": "6.00", "monto_descuento_linea": "0.00", "subtotal_linea": "6.00"}}, {"model": "ventas.detalleventa", "pk": 21, "fields": {"venta": 15, "producto": 2, "stock_producto": null, "cantidad": "1.00", "unidad_venta": "UNIDAD", "precio_unitario": "6.00", "monto_descuento_linea": "0.00", "subtotal_linea": "6.00"}}, {"model": "ventas.detalleventa", "pk": 22, "fields": {"venta": 16, "producto": 2, "stock_producto": null, "cantidad": "2.00", "unidad_venta": "UNIDAD", "precio_unitario": "6.00", "monto_descuento_linea": "0.00", "subtotal_linea": "12.00"}}, {"model": "ventas.detalleventa", "pk": 23, "fields": {"venta": 16, "producto": 1, "stock_producto": null, "cantidad": "3.00", "unidad_venta": "UNIDAD", "precio_unitario": "2.00", "monto_descuento_linea": "0.00", "subtotal_linea": "6.00"}}, {"model": "ventas.detalleventa", "pk": 24, "fields": {"venta": 17, "producto": 2, "stock_producto": null, "cantidad": "3.00", "unidad_venta": "UNIDAD", "precio_unitario": "6.00", "monto_descuento_linea": "0.00", "subtotal_linea": "18.00"}}, {"model": "ventas.detalleventa", "pk": 25, "fields": {"venta": 17, "producto": 1, "stock_producto": null, "cantidad": "2.00", "unidad_venta": "UNIDAD", "precio_unitario": "2.00", "monto_descuento_linea": "0.00", "subtotal_linea": "4.00"}}, {"model": "ventas.detalleventa", "pk": 26, "fields": {"venta": 18, "producto": 2, "stock_producto": null, "cantidad": "3.00", "unidad_venta": "UNIDAD", "precio_unitario": "6.00", "monto_descuento_linea": "0.00", "subtotal_linea": "18.00"}}, {"model": "ventas.detalleventa", "pk": 27, "fields": {"venta": 18, "producto": 1, "stock_producto": null, "cantidad": "1.00", "unidad_venta": "UNIDAD", "precio_unitario": "2.00", "monto_descuento_linea": "0.00", "subtotal_linea": "2.00"}}, {"model": "ventas.detalleventa", "pk": 28, "fields": {"venta": 19, "producto": 2, "stock_producto": null, "cantidad": "1.00", "unidad_venta": "UNIDAD", "precio_unitario": "6.00", "monto_descuento_linea": "0.00", "subtotal_linea": "6.00"}}, {"model": "ventas.detalleventa", "pk": 29, "fields": {"venta": 19, "producto": 1, "stock_producto": null, "cantidad": "1.00", "unidad_venta": "UNIDAD", "precio_unitario": "2.00", "monto_descuento_linea": "0.00", "subtotal_linea": "2.00"}}, {"model": "ventas.detalleventa", "pk": 30, "fields": {"venta": 20, "producto": 2, "stock_producto": null, "cantidad": "7.00", "unidad_venta": "UNIDAD", "precio_unitario": "6.00", "monto_descuento_linea": "0.00", "subtotal_linea": "42.00"}}, {"model": "ventas.detalleventa", "pk": 31, "fields": {"venta": 20, "producto": 1, "stock_producto": null, "cantidad": "2.00", "unidad_venta": "UNIDAD", "precio_unitario": "2.00", "monto_descuento_linea": "0.00", "subtotal_linea": "4.00"}}, {"model": "ventas.detalleventa", "pk": 32, "fields": {"venta": 21, "producto": 2, "stock_producto": null, "cantidad": "9.00", "unidad_venta": "UNIDAD", "precio_unitario": "6.00", "monto_descuento_linea": "0.00", "subtotal_linea": "54.00"}}, {"model": "ventas.detalleventa", "pk": 33, "fields": {"venta": 21, "producto": 1, "stock_producto": null, "cantidad": "1.00", "unidad_venta": "UNIDAD", "precio_unitario": "2.00", "monto_descuento_linea": "0.00", "subtotal_linea": "2.00"}}, {"model": "ventas.detalleventa", "pk": 34, "fields": {"venta": 22, "producto": 2, "stock_producto": null, "cantidad": "3.00", "unidad_venta": "UNIDAD", "precio_unitario": "6.00", "monto_descuento_linea": "2.00", "subtotal_linea": "16.00"}}, {"model": "ventas.detalleventa", "pk": 35, "fields": {"venta": 22, "producto": 1, "stock_producto": null, "cantidad": "1.00", "unidad_venta": "UNIDAD", "precio_unitario": "2.00", "monto_descuento_linea": "0.00", "subtotal_linea": "2.00"}}, {"model": "ventas.detalleventa", "pk": 36, "fields": {"venta": 23, "producto": 2, "stock_producto": null, "cantidad": "3.00", "unidad_venta": "UNIDAD", "precio_unitario": "6.00", "monto_descuento_linea": "0.00", "subtotal_linea": "18.00"}}, {"model": "ventas.detalleventa", "pk": 37, "fields": {"venta": 23, "producto": 1, "stock_producto": null, "cantidad": "3.00", "unidad_venta": "UNIDAD", "precio_unitario": "2.00", "monto_descuento_linea": "0.00", "subtotal_linea": "6.00"}}, {"model": "ventas.detalleventa", "pk": 38, "fields": {"venta": 24, "producto": 2, "stock_producto": null, "cantidad": "1.00", "unidad_venta": "UNIDAD", "precio_unitario": "6.00", "monto_descuento_linea": "0.00", "subtotal_linea": "6.00"}}, {"model": "ventas.detalleventa", "pk": 39, "fields": {"venta": 25, "producto": 2, "stock_producto": null, "cantidad": "1.00", "unidad_venta": "UNIDAD", "precio_unitario": "20.00", "monto_descuento_linea": "0.00", "subtotal_linea": "20.00"}}, {"model": "ventas.detalleventa", "pk": 40, "fields": {"venta": 26, "producto": 3, "stock_producto": null, "cantidad": "1.00", "unidad_venta": "UNIDAD", "precio_unitario": "20.00", "monto_descuento_linea": "0.00", "subtotal_linea": "20.00"}}, {"model": "ventas.detalleventa", "pk": 41, "fields": {"venta": 27, "producto": 2, "stock_producto": null, "cantidad": "1.00", "unidad_venta": "UNIDAD", "precio_unitario": "20.00", "monto_descuento_linea": "0.00", "subtotal_linea": "20.00"}}, {"model": "ventas.detalleventa", "pk": 42, "fields": {"venta": 28, "producto": 2, "stock_producto": null, "cantidad": "1.00", "unidad_venta": "UNIDAD", "precio_unitario": "20.00", "monto_descuento_linea": "0.00", "subtotal_linea": "20.00"}}, {"model": "ventas.detalleventa", "pk": 43, "fields": {"venta": 29, "producto": 3, "stock_producto": null, "cantidad": "1.00", "unidad_venta": "UNIDAD", "precio_unitario": "20.00", "monto_descuento_linea": "0.00", "subtotal_linea": "20.00"}}, {"model": "ventas.detalleventa", "pk": 44, "fields": {"venta": 30, "producto": 2, "stock_producto": null, "cantidad": "1.00", "unidad_venta": "UNIDAD", "precio_unitario": "20.00", "monto_descuento_linea": "0.00", "subtotal_linea": "20.00"}}, {"model": "ventas.detalleventa", "pk": 45, "fields": {"venta": 31, "producto": 2, "stock_producto": null, "cantidad": "1.00", "unidad_venta": "UNIDAD", "precio_unitario": "20.00", "monto_descuento_linea": "0.00", "subtotal_linea": "20.00"}}, {"model": "ventas.detalleventa", "pk": 46, "fields": {"venta": 32, "producto": 3, "stock_producto": null, "cantidad": "1.00", "unidad_venta": "UNIDAD", "precio_unitario": "20.00", "monto_descuento_linea": "0.00", "subtotal_linea": "20.00"}}, {"model": "ventas.sesioncaja", "pk": 1, "fields": {"usuario": ["jucanuro"], "sucursal": 2, "monto_inicial": "20.00", "monto_final_sistema": "20.00", "monto_final_real": "30.00", "diferencia": "10.00", "fecha_apertura": "2025-07-17T00:24:37.055Z", "fecha_cierre": "2025-07-17T02:24:26.808Z", "estado": "CERRADA", "observaciones": "Monto de efectivo 30 soles"}}, {"model": "ventas.sesioncaja", "pk": 2, "fields": {"usuario": ["jucanuro"], "sucursal": 2, "monto_inicial": "25.00", "monto_final_sistema": "25.00", "monto_final_real": "45.00", "diferencia": "20.00", "fecha_apertura": "2025-07-17T02:25:08.323Z", "fecha_cierre": "2025-07-17T02:25:30.571Z", "estado": "CERRADA", "observaciones": "Monto de efectivo 30 soles"}}, {"model": "ventas.sesioncaja", "pk": 3, "fields": {"usuario": ["jucanuro"], "sucursal": 2, "monto_inicial": "50.00", "monto_final_sistema": "59.44", "monto_final_real": "58.00", "diferencia": "-1.44", "fecha_apertura": "2025-07-17T02:27:13.357Z", "fecha_cierre": "2025-07-17T02:27:43.651Z", "estado": "CERRADA", "observaciones": "Monto de efectivo 58 soles"}}, {"model": "ventas.sesioncaja", "pk": 4, "fields": {"usuario": ["jucanuro"], "sucursal": 2, "monto_inicial": "100.00", "monto_final_sistema": "154.28", "monto_final_real": "160.00", "diferencia": "5.72", "fecha_apertura": "2025-07-17T02:30:30.648Z", "fecha_cierre": "2025-07-17T02:31:24.744Z", "estado": "CERRADA", "observaciones": ""}}, {"model": "ventas.sesioncaja", "pk": 5, "fields": {"usuario": ["jucanuro"], "sucursal": 2, "monto_inicial": "20.00", "monto_final_sistema": "86.08", "monto_final_real": "25.00", "diferencia": "-61.08", "fecha_apertura": "2025-07-17T22:05:02.024Z", "fecha_cierre": "2025-07-17T22:13:23.987Z", "estado": "CERRADA", "observaciones": "efectivo  yape cuentas "}}, {"model": "ventas.sesioncaja", "pk": 6, "fields": {"usuario": ["jucanuro"], "sucursal": 2, "monto_inicial": "25.00", "monto_final_sistema": "25.00", "monto_final_real": "25.00", "diferencia": "0.00", "fecha_apertura": "2025-07-17T22:15:27.876Z", "fecha_cierre": "2025-07-18T02:42:59.953Z", "estado": "CERRADA", "observaciones": "efectivo  yape cuentas "}}, {"model": "ventas.sesioncaja", "pk": 7, "fields": {"usuario": ["jucanuro"], "sucursal": 2, "monto_inicial": "20.00", "monto_final_sistema": "20.00", "monto_final_real": "55.00", "diferencia": "35.00", "fecha_apertura": "2025-07-19T04:17:59.230Z", "fecha_cierre": "2025-07-19T13:04:33.873Z", "estado": "CERRADA", "observaciones": ""}}, {"model": "ventas.sesioncaja", "pk": 8, "fields": {"usuario": ["jucanuro"], "sucursal": 2, "monto_inicial": "20.00", "monto_final_sistema": "69.56", "monto_final_real": "30.00", "diferencia": "-39.56", "fecha_apertura": "2025-07-19T13:25:51.128Z", "fecha_cierre": "2025-07-19T15:31:14.199Z", "estado": "CERRADA", "observaciones": "efectivo 10 soles + en apertura 20"}}, {"model": "ventas.sesioncaja", "pk": 9, "fields": {"usuario": ["jucanuro"], "sucursal": 2, "monto_inicial": "20.00", "monto_final_sistema": null, "monto_final_real": null, "diferencia": null, "fecha_apertura": "2025-07-19T15:36:50.517Z", "fecha_cierre": null, "estado": "ABIERTA", "observaciones": null}}, {"model": "authtoken.token", "pk": "4883b107736a7c936d36226c2d3742d7663c8431", "fields": {"user": ["jucanuro"], "created": "2025-06-17T22:53:37.057Z"}}, {"model": "admin.logentry", "pk": 1, "fields": {"action_time": "2025-06-19T04:24:54.460Z", "user": ["jucanuro"], "content_type": ["core", "farmacia"], "object_id": "1", "object_repr": "Farmacia Lucas", "action_flag": 1, "change_message": "[{\"added\": {}}]"}}, {"model": "admin.logentry", "pk": 2, "fields": {"action_time": "2025-06-19T04:32:39.229Z", "user": ["jucanuro"], "content_type": ["core", "usuario"], "object_id": "1", "object_repr": "jucanuro", "action_flag": 2, "change_message": "[{\"changed\": {\"fields\": [\"First name\", \"Last name\", \"User permissions\"]}}]"}}, {"model": "admin.logentry", "pk": 3, "fields": {"action_time": "2025-06-19T04:33:07.130Z", "user": ["jucanuro"], "content_type": ["core", "usuario"], "object_id": "1", "object_repr": "jucanuro", "action_flag": 2, "change_message": "[{\"changed\": {\"fields\": [\"Farmacia Asociada\"]}}]"}}, {"model": "admin.logentry", "pk": 4, "fields": {"action_time": "2025-06-19T04:33:40.906Z", "user": ["jucanuro"], "content_type": ["core", "usuario"], "object_id": "1", "object_repr": "jucanuro", "action_flag": 2, "change_message": "[{\"changed\": {\"fields\": [\"Farmacia Asociada\"]}}]"}}, {"model": "admin.logentry", "pk": 5, "fields": {"action_time": "2025-06-19T21:33:49.347Z", "user": ["jucanuro"], "content_type": ["inventario", "principioactivo"], "object_id": "1", "object_repr": "Principio1", "action_flag": 1, "change_message": "[{\"added\": {}}]"}}, {"model": "admin.logentry", "pk": 6, "fields": {"action_time": "2025-06-19T21:34:12.470Z", "user": ["jucanuro"], "content_type": ["inventario", "formafarmaceutica"], "object_id": "1", "object_repr": "Forma1", "action_flag": 1, "change_message": "[{\"added\": {}}]"}}, {"model": "admin.logentry", "pk": 7, "fields": {"action_time": "2025-06-19T21:34:38.932Z", "user": ["jucanuro"], "content_type": ["inventario", "laboratorio"], "object_id": "1", "object_repr": "Laborarotio 1", "action_flag": 1, "change_message": "[{\"added\": {}}]"}}, {"model": "admin.logentry", "pk": 8, "fields": {"action_time": "2025-06-19T21:34:59.432Z", "user": ["jucanuro"], "content_type": ["inventario", "categoriaproducto"], "object_id": "1", "object_repr": "Categoria 1", "action_flag": 1, "change_message": "[{\"added\": {}}]"}}, {"model": "admin.logentry", "pk": 9, "fields": {"action_time": "2025-06-19T21:35:35.075Z", "user": ["jucanuro"], "content_type": ["inventario", "producto"], "object_id": "1", "object_repr": "Producto1 - 500mg (caja)", "action_flag": 1, "change_message": "[{\"added\": {}}]"}}, {"model": "admin.logentry", "pk": 10, "fields": {"action_time": "2025-06-19T22:18:30.730Z", "user": ["jucanuro"], "content_type": ["core", "farmacia"], "object_id": "2", "object_repr": "Farmacia José", "action_flag": 1, "change_message": "[{\"added\": {}}]"}}, {"model": "admin.logentry", "pk": 11, "fields": {"action_time": "2025-06-29T05:27:25.063Z", "user": ["jucanuro"], "content_type": ["core", "sucursal"], "object_id": "1", "object_repr": "Farmacia Central 2 (Farmacia Central)", "action_flag": 1, "change_message": "[{\"added\": {}}]"}}, {"model": "admin.logentry", "pk": 12, "fields": {"action_time": "2025-07-10T06:03:44.266Z", "user": ["jucanuro"], "content_type": ["clientes", "cliente"], "object_id": "1", "object_repr": "Juan Carlos Núñez Rodrigo (44894523)", "action_flag": 2, "change_message": "[{\"changed\": {\"fields\": [\"Tel\\u00e9fono\", \"Tipo de Documento\"]}}]"}}, {"model": "admin.logentry", "pk": 13, "fields": {"action_time": "2025-07-11T04:08:24.320Z", "user": ["jucanuro"], "content_type": ["core", "usuario"], "object_id": "1", "object_repr": "Juan Carlos Núñez Rodrigo", "action_flag": 2, "change_message": "[{\"changed\": {\"fields\": [\"Farmacia Asociada\", \"Sucursal Asociada\", \"Rol del Usuario\"]}}]"}}, {"model": "admin.logentry", "pk": 14, "fields": {"action_time": "2025-07-17T00:03:41.188Z", "user": ["jucanuro"], "content_type": ["core", "sucursal"], "object_id": "2", "object_repr": "Farmacia Anita Baños (Farmacia Anita)", "action_flag": 2, "change_message": "[]"}}]